datetime,Tair,Qair,PSurf,Wind_E,Wind_N,LWdown,CRainf_frac,CAPE,PotEvap,Rainf,SWdown,Streamflow,DamOutflow
2016-01-01,-10.679157833333326,0.0018462083333333334,82572.22377220834,-2.7858779583333333,0.45477683333333335,164.869639125,0.0,0.0,0.018470916666666667,0.004355958333333334,100.0355525,0.0002858744861292596,0.014
2016-01-02,-8.67752074999999,0.0020049166666666666,82386.668491875,0.05767858333333331,2.8298064583333336,195.06914716666665,0.0,0.0,0.02635425,0.0,80.51689666666667,0.00027384005675640624,0.014
2016-01-03,-1.8547829999999808,0.002693875,81963.17680433333,0.11380941666666666,2.664613,254.83694370833334,0.0,0.0,0.039573,0.00029583333333333333,89.37424229166668,0.0002506794544358888,0.013
2016-01-04,0.43414558333335207,0.0033936666666666664,81586.17510704166,-0.594925625,2.3880355833333335,278.98340095833333,0.0,0.00446425,0.038570875,0.0054505833333333325,74.91787841666667,0.0002752024451282014,0.015
2016-01-05,0.3772402083333475,0.0037900833333333332,81166.82536970834,0.8831993750000001,3.9358480416666666,270.74920541666665,0.011010458333333334,1.09121425,0.023650875,0.11134699999999999,67.518711625,0.0002849662282104658,0.015
2016-01-06,-0.289543749999974,0.0037510833333333333,81148.28270316667,1.980669625,3.1711904166666667,248.554830875,0.058179625000000006,2.408404875,0.01934745833333333,0.10617716666666666,82.054343375,0.00029768185102241454,0.015
2016-01-07,-1.1804523333333117,0.003611208333333333,81337.8338565,2.3922767916666667,0.042098250000000004,263.50307437500004,0.05361016666666666,7.057690833333333,0.021879041666666665,0.11076029166666666,88.76122445833333,0.00028337677535897224,0.015
2016-01-08,-4.253845249999976,0.0028316250000000004,82019.62722045834,1.3071577083333332,-1.0027380833333333,192.987227875,0.010855791666666668,0.0,0.01945675,0.005006541666666666,106.06846358333333,0.00028337677535897224,0.015
2016-01-09,-3.2291881666666407,0.0029774583333333333,82270.42131691666,1.0219791249999999,2.5272767916666665,248.69730033333335,0.0,0.0,0.019689208333333333,0.005471083333333334,59.259937083333334,0.0002724776683846111,0.014
2016-01-10,-2.222059166666644,0.003450625,82435.626709,0.3047916666666666,0.68940475,244.563268,0.0,0.016047625,0.014530666666666666,0.01772795833333333,104.12259441666667,0.0002697528916410208,0.014
2016-01-11,-3.094247166666643,0.0028400416666666665,82912.22104033333,-0.21500008333333331,1.3956845416666666,201.14066466666668,0.0,0.0,0.017063916666666668,0.0,101.875177875,0.0002602161730384548,0.013
2016-01-12,-0.5571337083333053,0.0026079583333333332,82921.084565625,1.2256547083333333,1.7335564583333334,199.93823954166666,0.0,0.0,0.0240105,0.0,110.057564625,0.0002506794544358888,0.013
2016-01-13,0.8118391666666911,0.002553,82163.35215541667,4.013184541666667,6.377827333333333,222.25706375000001,0.0,0.0,0.06654741666666668,0.08676666666666666,87.28288504166666,0.0002534042311794791,0.013
2016-01-14,-1.4022828333333124,0.0029743333333333336,82263.498697875,4.040654666666667,3.3131398749999996,227.41197375000002,0.0018847916666666666,0.013738124999999999,0.045157375,0.026946124999999998,88.20425429166666,0.0002506794544358888,0.013
2016-01-15,0.6498450416666862,0.004035125,81849.20647329166,5.328660583333334,2.546011791666667,263.8508724166667,0.016337,3.461595375,0.043098625,0.40250562500000003,105.387397625,0.00027179647345191123,0.014
2016-01-16,1.4034613750000229,0.003798458333333333,82375.53440054167,4.398229083333333,3.4409373750000003,259.929131,0.04229270833333334,8.382262208333334,0.030757500000000004,0.13955608333333333,97.16350479166668,0.0002561290079230694,0.014
2016-01-17,2.4931789166666842,0.0036552916666666665,82569.03076175,3.4513540833333334,4.671205208333333,231.26892345833335,0.0018169583333333334,0.004452416666666667,0.045266375,0.022947625,94.798623625,0.0002820143869871771,0.015
2016-01-18,2.7883714583333483,0.004479333333333333,82343.550699875,3.2355357083333334,3.333348125,291.76044,0.0004047083333333333,0.214494,0.023210416666666667,0.29464233333333334,76.45032504166666,0.00031062454503528195,0.017
2016-01-19,1.6729103333333553,0.0042980833333333334,82233.53503995833,2.5317410833333334,4.741130916666667,269.7439220416667,0.04428275,0.6654464999999999,0.019343583333333334,0.38982137499999997,75.53077741666667,0.00030403966392199337,0.016
2016-01-20,1.7235649166666847,0.002959083333333333,82576.5540365,4.469360041666667,2.9799106666666666,226.43667637500002,0.013164875,0.012803541666666668,0.056093874999999994,0.0030915,105.17990975,0.0002976818517692168,0.015
2016-01-21,2.5636845416666887,0.0027257083333333335,82818.1199545,-0.23849704166666666,2.5892260833333336,237.17887825,0.0,0.0,0.054975875,0.0,106.15144225,0.00028065199861538194,0.015
2016-01-22,3.404845333333361,0.0031562499999999998,82296.79238741666,1.9850595,5.166502958333333,243.81139370833333,0.0016942083333333334,0.0,0.06060145833333333,0.10736545833333333,98.292596875,0.00028337677535897224,0.015
2016-01-23,3.69789537500002,0.004392458333333333,81889.24355925,4.131413458333333,4.923615916666667,271.3141605,0.019812625,1.9774584583333334,0.06864150000000001,0.46533987499999996,104.13566870833334,0.00030562911527988245,0.016
2016-01-24,0.27349387500002065,0.0033482083333333332,82182.95069516667,3.9387202916666664,1.00367525,248.31381962499998,0.0,0.047208375000000004,0.060869375,0.020491083333333333,103.7205465,0.0003119869266858568,0.016
2016-01-25,0.31905650000001934,0.003548916666666667,82678.0386905,1.1714433333333334,-0.7253571249999999,247.46161675,0.0,0.2582857916666667,0.038019583333333336,0.006228291666666667,115.63147283333332,0.0003215236437948183,0.017
2016-01-26,-1.1671044166666442,0.0029567499999999997,83060.37736008334,-2.076577375,0.37441975,195.371334625,0.0,0.0,0.027288875,0.0,125.51672895833333,0.0003215236437948183,0.017
2016-01-27,-0.06442633333331116,0.0027775,83197.80558262499,0.7065029583333334,1.5901189999999998,214.14785237499999,0.0,0.0,0.026700500000000002,0.0,114.28445191666667,0.0003215236437948183,0.017
2016-01-28,2.0205442083333485,0.002656,82984.71771533333,2.240386875,1.2752084166666666,233.73585820833333,0.0,0.03452383333333333,0.034358208333333334,0.00021758333333333333,89.93411116666668,0.0003215236437948183,0.017
2016-01-29,4.717716583333356,0.0049208333333333335,82470.59774916667,5.071026625,4.329523666666667,292.98612433333335,0.0009822499999999998,0.11092858333333333,0.009671,0.07663825,64.01329479166667,0.0003365099173781694,0.018
2016-01-30,4.269486833333355,0.005391666666666666,81869.04811895834,5.2615921666666665,2.35058025,305.94413045833335,0.03457508333333333,9.403952791666667,0.023538583333333335,1.0716410833333334,60.87894941666667,0.00044709044072007695,0.025
2016-01-31,-1.4786059999999779,0.0035682916666666662,81567.34851654166,-0.007485041666666682,-1.6341962916666668,275.94115516666665,0.009930333333333333,6.713964541666667,0.043201625,0.22088541666666664,102.52439779166667,0.00046934277018575543,0.025
2016-02-01,-5.899068374999984,0.0025167916666666667,81753.48250320833,-0.9273661249999999,-4.769419541666667,220.92286733333333,0.000293,0.9470237916666666,0.05132308333333333,0.06404695833333333,137.71252429166665,0.0004162096371281854,0.019
2016-02-02,-7.118771208333311,0.0019113333333333332,82370.38084766666,2.5202529583333333,0.50641375,211.48707845833334,0.0,0.311,0.030912375000000002,0.028309958333333333,71.607473875,0.00035967053015391846,0.019
2016-02-03,-6.541687499999981,0.0023505,82810.88348675,1.76552075,0.811666625,215.1070190416667,0.0,0.0,0.022375958333333335,0.0015762083333333333,95.23960283333334,0.00035490216935903096,0.019
2016-02-04,-2.2584283749999776,0.002990041666666667,83095.93384945834,1.893244,1.2042262083333333,226.61483095833333,0.0,0.0,0.023733083333333335,0.0,131.53666075,0.00035967053015391846,0.019
2016-02-05,-2.4350802916666434,0.002841291666666667,83372.244268625,-1.7367708333333332,1.3510119166666668,199.00893870833332,0.0,0.0,0.019422083333333333,0.0,135.509327625,0.00035967053015391846,0.019
2016-02-06,0.048981458333353434,0.0026234583333333335,83416.72870158333,1.8543750416666667,1.2012945416666667,207.29838845833333,0.0,0.0,0.023765166666666667,0.0,140.8487741666667,0.00035967053015391846,0.019
2016-02-07,1.1133867500000185,0.002839833333333333,83533.04895604168,-2.624538625,-0.5486458333333334,217.00233145833332,0.0,0.0,0.020629250000000002,0.0,141.80578941666667,0.00035967053015391846,0.019
2016-02-08,0.25035075000002377,0.00342925,83759.48559570833,-3.755356916666667,0.44364566666666666,209.84201916666666,0.0,0.0,0.010023166666666666,0.0,146.362724375,0.00036512008214749456,0.019
2016-02-09,1.3138635416666873,0.0032094166666666664,83470.613548625,-1.6380802916666666,2.108080333333333,206.57856675000002,0.0,0.0,0.008970375000000001,0.0,147.122548875,0.0003723861514722626,0.02
2016-02-10,2.994652041666686,0.0028812083333333333,83243.35556170833,0.8022321250000001,2.318080333333333,209.16712329166668,0.0,0.0,0.017210333333333334,0.0,150.084069625,0.0003923678421153749,0.021
2016-02-11,4.834131208333355,0.0031560833333333332,83173.67503729167,0.15599704166666667,2.0023065416666666,222.35972729166667,0.0,0.0,0.06442120833333333,0.0,145.71210779166668,0.0004638932181921794,0.025
2016-02-12,4.313670083333353,0.002999333333333333,83094.38663745833,1.3533779166666668,2.2647320416666665,220.63036716666667,0.0,0.0,0.026933083333333333,0.0,144.744823,0.0004959093434357608,0.026
2016-02-13,4.57477066666669,0.0028165,83066.51682254167,1.9348362916666666,0.6747767916666666,218.78637933333334,0.0,0.0,0.06482645833333334,0.0,157.13042958333332,0.0004959093434357608,0.026
2016-02-14,3.410634083333354,0.003072041666666667,83164.70377616667,1.2816665833333334,-0.6629613333333334,224.71489037499998,0.0,0.0,0.054861208333333335,0.0,149.9889652916667,0.0004981799912199543,0.026
2016-02-15,4.73869970833336,0.004594208333333333,83226.32456749999,-0.9702678749999999,-0.46558025,238.95804475,0.0,0.0,0.028645666666666666,0.0,153.21023866666667,0.0004981799912199543,0.026
2016-02-16,5.427540458333355,0.003990666666666667,82772.34851658334,0.19971724999999999,1.1697321250000001,225.86550108333333,0.0,0.0,0.05127425,0.0,152.65540620833335,0.0004959093434357608,0.026
2016-02-17,6.647241000000014,0.003975583333333334,81682.63511429167,1.7312647916666666,5.418973125,258.2607384166667,7.9e-05,0.008881041666666667,0.1076265,0.03834941666666667,128.7003095,0.0005299690601986621,0.028
2016-02-18,2.8011995000000165,0.003797125,81116.54234104167,5.593154625,6.563720125,254.14294125,0.03257370833333333,8.202321875,0.11298370833333334,0.6577857500000001,136.114161375,0.0005535837929721809,0.027
2016-02-19,0.9370768750000243,0.002867875,82008.49119925,3.1612349583333335,4.828422583333333,214.96076895833335,0.0,0.0,0.09032658333333334,0.0009995416666666666,157.72721008333335,0.0004734299353011409,0.025
2016-02-20,2.6919164166666842,0.0034837916666666667,82607.22986420833,2.081696291666667,2.1858333333333335,220.66862608333335,0.0,0.0,0.05915075,0.0,160.93301987499999,0.00046525560507037003,0.025
2016-02-21,2.8394432500000257,0.003078833333333333,82807.34412208333,1.3567559583333333,1.8945238333333334,220.708551875,0.0,0.0,0.05816466666666667,0.0,154.99039379166666,0.0004959093434357608,0.026
2016-02-22,2.991719916666696,0.003049541666666667,82991.74569845833,0.6874404583333332,-0.7551487916666667,214.09703375,0.0,0.0,0.07250354166666666,0.0,170.14338312499999,0.0004959093434357608,0.026
2016-02-23,2.0639688750000267,0.0032237499999999996,82687.56989391666,-0.239881,0.17096720833333334,211.43365641666665,0.0,0.0,0.07422754166666666,0.0,168.11410354166665,0.0004938657608780681,0.026
2016-02-24,3.2454606250000233,0.0029983333333333333,82794.19211529166,1.1887797083333334,2.2246129583333336,214.93312,0.0,0.0,0.06864387500000001,0.0,171.17054991666666,0.0004959093434357608,0.026
2016-02-25,5.685306125000024,0.003564625,82867.381243,0.1924257083333333,1.4926039583333335,228.121393625,0.0,0.0,0.07785208333333334,0.0,173.06946662500002,0.000502721286788341,0.026
2016-02-26,6.253832833333348,0.0034832083333333334,82858.92221212499,-0.09626491666666666,2.8382142083333335,229.93667629166666,0.0,0.0,0.08257745833333334,0.0,169.06565700000002,0.0005208864690618884,0.027
2016-02-27,6.497597625000016,0.0030315833333333336,82635.68883704167,2.961621958333333,2.0368005833333336,221.52588779166663,0.0,0.0,0.14025658333333332,0.0,174.49558012499998,0.0005413222991196291,0.028
2016-02-28,6.426124958333351,0.0030747916666666666,82580.63155691668,2.859479125,1.6873362083333332,253.184622375,0.0,0.0,0.12241958333333335,0.0,154.99363195833334,0.0005435929469038225,0.029
2016-02-29,5.880276708333351,0.003354916666666667,82813.85006295833,2.5891815,0.2566517916666667,232.49505420833336,0.0,0.0,0.09740795833333334,0.0,179.968645625,0.0005504048902564028,0.029
2016-03-01,7.695648083333346,0.0036089583333333334,82726.36522270834,2.7183630416666666,3.4407438750000003,261.2175392916667,0.0,0.0,0.15282095833333334,0.0,182.58058004166665,0.0005578980248076716,0.029
2016-03-02,7.698431416666683,0.0031944166666666666,82581.03950420833,3.531368958333333,3.959374875,246.556304125,0.0,0.0,0.17246525000000001,0.0,178.38971695833334,0.000518615821277695,0.027
2016-03-03,8.415499666666681,0.00355875,82429.129011,2.3589880416666666,3.99851175,263.96654216666667,0.0029762083333333337,4.511285958333334,0.14020029166666667,2.9166666666666666e-05,164.34021020833333,0.0005413222991196291,0.029
2016-03-04,8.437092000000012,0.004704916666666667,82335.12926658333,2.3922768333333333,3.0913689166666667,261.6638031666667,0.00012633333333333333,0.5880952916666666,0.122136375,0.012652541666666668,176.38473483333334,0.0005504048902564028,0.029
2016-03-05,7.880071541666683,0.005132375,81813.284389,2.533482041666667,5.40011875,299.0389807916667,0.002978083333333333,2.052166833333333,0.13508770833333333,0.24773041666666665,158.04063866666667,0.0006121664884785586,0.033
2016-03-06,5.415175250000022,0.004524833333333333,81268.50194158334,5.915907625,5.674226166666667,280.6917800416667,0.074846875,11.741619666666667,0.15276270833333333,0.7517331666666666,182.69595508333336,0.000617388975245634,0.029
2016-03-07,0.7612438750000236,0.0031417916666666664,81217.9328265,1.77177075,2.5989731666666667,263.63096175,0.005973583333333333,0.9114762083333333,0.09178445833333333,0.20442979166666667,156.63318641666666,0.00048637262632679934,0.033
2016-03-08,2.601050958333358,0.0038842083333333333,81797.93752333334,0.8422618333333333,-1.0541964583333334,271.5344876666667,0.014654208333333333,0.618333375,0.08836691666666667,0.20942683333333334,172.86724604166668,0.000686416648766976,0.029
2016-03-09,4.035588666666691,0.004521041666666667,82278.18266379167,4.184181416666667,2.3886012083333332,297.41401145833333,0.0,0.0,0.06134395833333334,0.0030690833333333334,130.35053016666666,0.0004959093434357608,0.026
2016-03-10,6.9269295833333535,0.00445075,82203.12423262499,3.5361755416666667,5.961964125000001,243.94561941666666,0.0,0.0030000000000000005,0.13689604166666666,0.0013940416666666667,208.23926554166667,0.0004981799912199543,0.026
2016-03-11,7.424795958333349,0.004171083333333333,81651.485060875,2.643660625,6.286190333333334,279.4550085,0.008557458333333334,0.10352395833333335,0.178770125,0.04667625,170.07478183333333,0.0004816042655319118,0.025
2016-03-12,3.5651741666666883,0.0035424583333333332,81749.32094033333,5.900104,5.63806525,242.405411375,0.005508625,1.0418334166666667,0.18330254166666668,0.043130375,201.56057529166665,0.0004734299353011409,0.024
2016-03-13,4.609718000000019,0.004066333333333333,81938.739932125,6.634687291666666,7.843199333333334,279.185143,0.0,0.156428625,0.14445733333333333,0.18431275,150.17442408333332,0.0004489069446088282,0.024
2016-03-14,4.947970083333355,0.0040255,81962.060663125,8.793868916666666,5.260118916666667,256.5347561666667,0.00146825,0.029428625,0.20027891666666667,0.20847887499999998,199.82719137499998,0.00045140465761952234,0.023
2016-03-15,3.7306984583333627,0.0027292083333333335,82716.69146441667,2.9233630416666667,0.263943375,232.05256899999998,0.0,0.0,0.14103304166666666,0.004594625000000001,190.73764729166666,0.00040689998076491113,0.022
2016-03-16,5.750560916666683,0.0032579166666666663,82796.14872808334,-0.6984525833333333,-0.511294625,224.62242041666664,0.0,0.0,0.12647583333333334,0.0,223.89054129166666,0.0005765173240917797,0.032
2016-03-17,7.542259666666687,0.00354075,82551.75993991666,-1.0064731666666666,-0.5413987083333333,228.08105166666667,0.0,0.0,0.12776170833333333,0.0,227.468651,0.0006323752458417761,0.033
2016-03-18,8.821854291666687,0.003768916666666667,82350.64242708334,0.8752380833333334,0.585372,230.613909125,0.0,0.0,0.157729875,0.0,228.30580516666666,0.002275188554013012,0.343
2016-03-19,9.91843295833335,0.0038730416666666666,82374.627348375,0.8190624999999999,2.33540175,246.08509904166667,0.0,0.0,0.15671629166666667,0.0,213.02539479166668,0.009345983848151945,0.34
2016-03-20,9.77992395833335,0.0031718749999999998,82240.85968891667,2.0795685,3.829940458333333,230.32926541666666,0.0014880833333333334,0.05838095833333334,0.196624125,4.954166666666667e-05,228.89780875,0.028503434419376524,4.332
2016-03-21,7.2711707083333605,0.004166083333333333,81984.18160583334,5.442648625,6.299761749999999,260.63904141666666,0.0,0.005999999999999999,0.2097554583333333,0.1137185,218.91042141666665,0.19059812836291343,10.194
2016-03-22,2.246808583333355,0.0032528333333333333,82060.14633333334,6.8989135416666665,1.1566814583333334,249.87887866666665,0.005000625,7.191018166666667,0.17324745833333333,0.2239925,193.49316075000002,0.19656992915268542,10.137
2016-03-23,0.7702917500000289,0.0028022083333333336,82831.99524504166,-0.1583184583333333,-1.6443006666666669,214.37288233333334,0.0,0.0011428333333333334,0.12142191666666667,0.0006242499999999999,222.46128424999998,0.2267014212430847,13.734
2016-03-24,5.671586291666685,0.0029928750000000003,82877.980608375,2.5775147916666667,-0.9555208333333334,227.65887908333332,0.0,0.0,0.15018033333333333,0.0,230.99891258333332,0.3085582571856693,16.027
2016-03-25,6.2500108333333495,0.003205125,82429.3218355,2.953943333333333,-2.411532708333333,229.29414658333334,0.0,0.0,0.18018199999999998,0.0,234.42907366666668,0.3074229349843329,15.971
2016-03-26,4.749419916666687,0.0030430833333333334,82290.511846625,-0.6897172500000001,-1.4353421666666666,221.08489075,0.0,0.0,0.16437454166666668,0.0,235.94835029166666,0.3072185781504751,15.971
2016-03-27,7.238986875000017,0.003606083333333333,82327.74887233334,3.1475297083333333,2.1817707916666667,238.35242020833334,0.0,0.0,0.17281016666666668,0.0,243.091282375,0.30656008907129056,15.942
2016-03-28,3.941805416666689,0.003286625,81669.71106529167,4.7400445,-0.15361608333333335,241.79444408333333,0.25749883333333334,31.168287208333336,0.16507958333333334,0.07605625,207.92354804166666,0.2643941678051937,10.704
2016-03-29,-0.17404883333330892,0.003048,81476.44298733333,2.202648791666667,-5.029985,258.82636295833333,0.03257070833333333,3.0906669166666667,0.143050375,0.07278649999999999,213.25959345833334,0.13047138653225215,7.192
2016-03-30,2.467986458333352,0.003748541666666667,81851.80047891666,0.49825891666666666,-2.5438689166666664,287.12847600000003,0.0,9.602667166666667,0.10176158333333334,0.038739,180.23747295833334,0.15095262805804666,8.042
2016-03-31,4.961412625000014,0.0037126666666666666,82510.67056125,-0.9355653749999999,-0.46568458333333335,239.59654195833332,0.0,0.06228575,0.13450837499999999,0.0016666666666666668,245.62264904166668,0.15933131827716804,8.269
2016-04-01,8.246900250000014,0.004129875,82679.5428525,-0.8217260416666666,-0.9036905416666667,238.84588795833335,0.0,0.0,0.15087187500000002,0.0,265.3510034583333,0.15912695991385925,8.269
2016-04-02,10.354136000000016,0.004073125,82867.38289391667,-0.37660720833333333,1.2887053333333334,243.26902737499998,0.0,0.0,0.17653620833333336,0.0,268.01478075,0.1644629805308895,8.835
2016-04-03,10.888044625000012,0.004235083333333333,82684.61304866667,1.6988392916666666,1.7642113750000001,248.28341691666665,0.0,0.0,0.20537320833333336,0.0,269.0678580416666,0.1781322754659692,9.231
2016-04-04,10.360320708333344,0.003679166666666667,82695.79071325,2.722127958333333,1.016860125,236.20679504166665,0.0,0.0,0.22588754166666666,0.0,276.14173954166665,0.1775646136005755,9.203
2016-04-05,8.565366333333348,0.00335775,83070.3460055,-1.1380356249999999,-1.463229125,229.19358125,0.0,0.0,0.19205833333333333,0.0,275.46734645833334,0.18689697426999077,10.024
2016-04-06,9.823913208333353,0.003798791666666667,83366.77654154167,-3.635252833333334,-0.20729166666666665,237.8733724583333,0.0,0.0,0.214952,0.0,276.7714657083333,0.20331375437715019,10.789
2016-04-07,12.47663041666668,0.004533291666666667,82659.04474745833,-3.651175541666667,-0.022276833333333346,252.25518770833332,0.0,0.16711904166666666,0.23518904166666665,0.0,275.83107920833334,0.22068420608169179,11.78
2016-04-08,13.616320916666671,0.004439166666666667,82078.49225729167,-1.206785625,0.09238083333333334,281.97302874999997,0.01613854166666667,0.8169762083333333,0.22117116666666667,0.0009193333333333333,236.59112425,0.2338766663651686,12.148
2016-04-09,12.61066650000001,0.0055804999999999995,81756.75076725,0.7865326666666667,-0.28389891666666667,317.97920508333334,0.21082175,31.90721579166667,0.2121775416666667,0.21074412500000003,203.94921145833334,0.23196931781732563,12.035
2016-04-10,8.40438408333335,0.006080333333333333,81744.83184529167,2.1455952083333334,0.9759375,325.27252266666665,0.08491241666666667,4.301464500000001,0.14059725,0.44053824999999996,186.32860991666666,0.23505739720268462,12.374
2016-04-11,9.492377083333349,0.0059118750000000005,82252.61823375,0.48994050000000006,-0.3862649166666667,280.4442945,0.08377649999999999,17.037334083333334,0.15381025,0.06133575,243.28948183333333,0.24068860492626556,12.488
2016-04-12,11.106340458333342,0.005897833333333334,82550.97037762501,1.9379611666666667,0.504881,276.93411599999996,0.05923708333333333,26.898668,0.217898375,0.007464291666666667,268.60102466666666,0.2825139239494653,16.367
2016-04-13,8.896161125000015,0.004711125,82465.76908941667,3.426324291666667,2.3610119166666665,252.72322325000002,0.0,2.9910716666666666,0.2254350833333333,0.0002862916666666667,270.1622633333333,0.34958884592663536,18.434
2016-04-14,5.73176579166669,0.0033777083333333333,82093.211867625,7.059732041666667,3.5327974999999996,238.42798570833335,0.0,12.016238625,0.246646625,0.032339,271.93583441666664,0.3733398208830079,19.935
2016-04-15,2.991350916666695,0.00309325,82412.47571379166,0.6937500833333333,-3.0197768333333332,227.20085820833333,0.0,0.9282857083333332,0.22371862499999998,0.0,275.49802604166666,0.3990435423172458,20.983
2016-04-16,4.547615916666688,0.0027537916666666665,82855.66981733333,-3.477916625,-1.4336905833333333,210.21739083333333,0.0,0.0,0.19654183333333333,0.0,298.390806375,0.40726328319160077,21.153
2016-04-17,8.564643458333352,0.0029049583333333336,82944.23676995833,-3.2187497916666667,-0.37352674999999996,222.00304579166666,0.0,0.0,0.22561983333333335,0.0,299.40811491666665,0.4085802598205189,21.266
2016-04-18,11.64167720833335,0.0031390833333333336,82849.56212804167,-1.7085267916666667,-0.046785749999999994,234.08834349999998,0.0,0.0,0.24845016666666667,0.0,299.896532,0.40957934923078687,21.238
2016-04-19,13.471204166666675,0.003675,82601.53599333334,-0.5897916666666666,-0.29011908333333336,248.01117029166667,0.0,0.0,0.25429229166666667,0.0,297.24900783333334,0.4185938127401203,22.314
2016-04-20,14.355324750000001,0.0038792500000000003,82283.22174945833,0.35723212500000007,1.566607125,259.46840141666667,0.0,0.48138091666666666,0.269636375,0.0,295.3640555833333,0.4608278576666438,24.664
2016-04-21,10.702038958333342,0.0029063749999999997,82053.85366675,1.105014875,3.4967855416666667,238.36884895833336,0.0,0.0,0.202960625,0.0,296.87622225,0.48632722150229846,25.287
2016-04-22,8.606694750000017,0.0038637499999999996,81697.30864029167,3.6749107083333334,6.3177528333333335,256.40631833333333,0.04925875,4.213619208333333,0.189292875,0.272394625,238.673101,0.46486960635520846,22.71
2016-04-23,5.035818916666693,0.004036583333333333,82147.78590020833,6.141368875,0.05964275,268.4822712916667,0.024518875,3.0887619999999996,0.23283683333333335,0.16029820833333333,292.39875283333333,0.4441613071187312,22.568
2016-04-24,6.092397875000022,0.0034197916666666665,82299.37370945833,2.60071425,-0.2782291666666667,264.79957770833335,0.04128066666666667,0.125761875,0.14809391666666666,0.007291708333333333,271.1184655,0.4313775585911561,24.013
2016-04-25,2.912943458333352,0.003326541666666667,81786.69971875001,4.170669458333333,-3.2026786250000003,248.66523241666667,0.04116258333333333,8.098190791666667,0.14865258333333334,0.06254554166666666,241.38650570833332,0.45022392594558786,22.399
2016-04-26,1.3922125416666906,0.0029359583333333334,82222.31195366666,1.4470684166666665,-1.6961011666666668,217.114563625,0.0,0.0,0.111848625,0.009734000000000001,292.42631170833334,0.3728175714774213,18.519
2016-04-27,5.1772870416666885,0.00369625,81968.08057795833,2.3559671666666664,0.18706845833333333,271.8568685833333,0.07749895833333333,6.454000375,0.11912425,0.015199416666666667,283.83063799999996,0.3363055607235441,17.188
2016-04-28,5.775461916666692,0.00418975,81844.87045425,0.263571375,-3.4710714166666663,272.70121420833334,0.028731833333333335,6.498571666666667,0.13953370833333334,0.12431550000000001,275.6414595,0.3273137957968591,16.707
2016-04-29,5.791224208333348,0.0036627499999999998,82198.72112170834,2.8314582500000003,-0.7117559999999999,242.81931016666667,0.0,0.053238125,0.130731875,0.0007220416666666665,264.90708408333336,0.26471205464148106,12.686
2016-04-30,5.688972333333351,0.004216125,82164.94775391667,-1.3755952083333334,-3.882351125,274.27171995833334,0.030440916666666665,7.219905,0.171845625,0.23650000000000002,246.3947681666667,0.2449347211548452,12.714
2016-05-01,5.893376375000021,0.004180125,82404.56327900001,-3.624583166666667,-1.7295535416666665,247.103223875,0.035992583333333335,5.522952624999999,0.11802887499999999,0.007521416666666667,303.78246666666666,0.24568403668309513,12.799
2016-05-02,8.543242583333345,0.003693166666666666,82492.74297800001,-0.323229125,1.6643898750000001,243.27319370833334,0.025768000000000003,0.23504766666666665,0.14608904166666667,0.01812675,322.362020875,0.27735955699529125,15.631
2016-05-03,10.560414375000013,0.004240416666666667,82658.77419316667,-1.135267875,2.0349106666666668,258.14639304166667,0.0,1.141714375,0.15496325,0.00024524999999999997,301.871568,0.3304245783532197,17.443
2016-05-04,12.578827666666683,0.004449458333333334,82366.45371791667,-2.019330375,2.7745535833333332,280.549518,0.018836166666666664,3.7727620833333333,0.19962416666666669,0.0007232083333333334,289.381103125,0.34359433393624395,17.953
2016-05-05,11.798138291666675,0.004705375,81920.00692900001,-0.6975149583333334,-0.059196458333333334,292.1461394166667,0.3677983333333333,78.32862291666667,0.16797270833333333,0.306489625,259.0866545,0.3473408909299049,18.123
2016-05-06,10.57540337500001,0.005784,81720.66814320833,-0.30502983333333333,-1.1312053333333332,301.15063349999997,0.6491645833333334,74.00400341666666,0.23787516666666667,0.5608901666666667,275.9527034166667,0.35124641141575413,18.264
2016-05-07,8.688375083333355,0.005829541666666667,81860.64621691666,2.245833166666667,-1.5087350833333335,311.9412280833333,0.10427416666666667,10.70271475,0.12342487499999999,0.299298125,173.21219279166667,0.35403931134181765,18.406
2016-05-08,7.9403189166666825,0.006366541666666666,82082.45754287501,1.8937053333333334,-1.9761607916666666,291.47741916666666,0.059214875,5.950667041666667,0.06994433333333333,0.047940875,248.58851179166666,0.34357162617688936,17.047
2016-05-09,11.008285250000014,0.00603,82208.05455954166,3.1963392083333333,-1.0562351666666667,259.99215145833335,0.024736041666666667,5.144571666666667,0.16448508333333334,0.001436875,329.53689645833333,0.28943940589568834,14.272
2016-05-10,9.955340541666683,0.0045383333333333335,82485.479933875,-0.8491665833333334,-1.761607125,243.901616375,0.0,0.0,0.19451883333333334,0.0,336.554962625,0.26525701104169674,14.272
2016-05-11,9.200311458333351,0.0039592916666666665,82890.58970425,-2.997633875,0.08206845833333334,234.46983104166668,0.0,0.0,0.19204787499999998,0.0,337.8465453333333,0.28719146313456606,14.951
2016-05-12,12.880063291666673,0.004257791666666667,82809.964553,0.018110125000000005,2.925892791666667,251.02999404166667,0.0,0.0,0.20760645833333333,0.0,335.86857000000003,0.3141894572619951,17.358
2016-05-13,15.554615125000003,0.0049385,82664.12479075,0.7246280833333333,2.7196725416666667,267.2876130416667,0.0,0.026476208333333334,0.22368016666666668,0.0,324.38911679166665,0.36373497551331785,19.312
2016-05-14,14.658391666666672,0.0047565,82283.87486054166,3.0802827083333333,3.083943375,264.4407677916667,0.0,0.18342858333333334,0.3026260416666667,0.0,322.304848125,0.3887575115798993,20.7
2016-05-15,8.846112625000016,0.004807625,82234.06197679167,3.0677678333333334,-0.285297625,249.06030679166668,0.0,0.8398571666666667,0.20389295833333332,0.0005279583333333333,323.81740241666665,0.40805801041493234,21.153
2016-05-16,8.876664750000018,0.0047545,82364.11210708333,0.9604760833333333,-2.7489880833333333,253.83533645833333,0.008087166666666668,1.686619125,0.18495591666666666,0.01371725,327.79374191666665,0.406536680775784,21.294
2016-05-17,9.882265458333352,0.005045041666666666,82549.69067370833,-3.145639875,-2.5670535833333332,273.36422020833334,0.0,2.4613334166666667,0.2152025,0.0,333.43836737500004,0.41400710229826143,21.521
2016-05-18,12.826293625000007,0.005298541666666667,82674.80076958334,-1.225297625,-1.5722917083333332,264.29881825,0.0,0.0005714166666666667,0.21356125,0.0,337.3302986666667,0.4437752893571248,24.267
2016-05-19,14.067036000000009,0.0050434166666666665,82106.69928849999,5.010282666666667,2.895729166666667,262.7056488333333,0.0,0.0,0.29150525,0.0,334.892438,0.4874852560513425,25.174
2016-05-20,7.9740227500000245,0.003026416666666667,81293.93889508334,6.614047416666668,4.178898666666666,219.10237604166664,0.010137166666666668,0.56428575,0.29193362500000003,0.002815208333333333,348.69130879166664,0.4730212361871078,24.267
2016-05-21,3.590640375000023,0.003141291666666667,81752.48411920834,4.927008708333333,3.1944345,237.04817904166666,0.017425291666666665,5.474476499999999,0.20596158333333334,0.028805666666666663,298.0381159583333,0.45560536361077836,23.39
2016-05-22,4.798330375000018,0.0033451249999999996,82278.45963545833,2.721458333333333,1.2461011666666666,231.32753908333333,0.007264125,1.0287619583333334,0.18852470833333332,0.005961916666666667,330.603209,0.4299243407591889,21.634
2016-05-23,6.7606366666666835,0.0034419583333333333,82020.962402375,1.8305356250000002,0.07636899999999999,238.33719725,0.0018422500000000001,0.348381,0.19460241666666667,0.0075952500000000004,304.74212470833334,0.40058758583355286,20.869
2016-05-24,8.620390208333353,0.004932166666666667,81919.24753533333,2.739255958333333,-0.396324375,307.24231454166664,0.23743341666666665,15.582953083333335,0.18693620833333333,0.20455925,255.37437520833336,0.40326695308064736,20.983
2016-05-25,9.237280375000017,0.004973083333333334,82370.95190433333,2.1736309166666667,-1.725773875,286.35616991666666,0.171919375,6.187809875,0.18838479166666666,0.040622625,268.16881925,0.39447954728199663,20.077
2016-05-26,9.909254833333344,0.004892541666666667,82574.36173504168,1.1404315,-1.9959672916666669,267.40371458333334,0.054980208333333336,2.5825715,0.23084174999999998,0.05504908333333333,322.70681866666666,0.36823085338830724,18.661
2016-05-27,12.06988008333334,0.004846791666666667,82378.70152062499,1.9225594166666664,-1.3213987916666667,264.4954110833333,0.0,0.34190479166666665,0.25724816666666667,0.0023809583333333335,342.48069216666664,0.32806310214840295,16.197
2016-05-28,12.69860212500001,0.004773916666666667,82249.21032141667,-0.37834829166666667,-0.726503,260.15878754166664,0.023624541666666665,0.4901905416666667,0.2726930416666667,0.0025919166666666664,341.49376075000004,0.28383090134310895,14.102
2016-05-29,15.457026666666671,0.004859666666666667,82422.26901983334,1.1685119166666667,1.3008629999999999,272.9250387916667,0.03278204166666667,7.730952708333334,0.29509179166666666,0.0050708333333333334,339.33142349999997,0.24509366246999376,12.176
2016-05-30,16.518243791666666,0.005726458333333333,82701.05253683333,0.5629463333333333,-1.4601189583333334,280.0123600416667,0.022935541666666667,16.632953208333333,0.3402948333333333,0.0021154583333333333,340.97985245833337,0.23158331114423916,12.431
2016-05-31,17.472691916666673,0.005528791666666667,82623.900413875,-1.5946577083333333,-1.6136458749999998,283.2825084583333,0.002976166666666667,10.850572,0.327165875,0.00035958333333333334,345.13907945833336,0.25497098106907573,13.62
2016-06-01,19.1370635,0.005539333333333334,82472.97306316668,-0.1591071666666667,0.7282589166666668,284.28390783333333,0.0,7.399143250000001,0.341893875,0.0,339.74845908333333,0.3308106010855419,19.68
2016-06-02,19.034853333333334,0.004182916666666667,82691.061907125,2.6827975416666665,1.675788625,260.199220625,0.0,1.7553334166666665,0.373053375,0.0,348.0117963333333,0.4215456593344109,21.861
2016-06-03,19.559660375,0.004306291666666667,82968.432931125,-1.5455356666666666,-0.8753720416666667,273.36868466666664,0.0,0.0,0.380905125,0.0,342.8891409166667,0.43414774540478634,23.135
2016-06-04,21.760368666666665,0.005442458333333334,82856.78126158334,-3.5418302500000003,0.050878,295.39511258333334,0.0,7.114857541666666,0.37558054166666666,0.0,321.56246737500004,0.45878427097465374,23.843
2016-06-05,21.846309708333337,0.004937833333333333,82599.45848449999,2.0781992916666665,-0.036785708333333327,291.7729249166667,0.004464291666666668,22.8709535,0.396959625,0.0007547500000000001,340.2805345,0.45798954222187116,23.758
2016-06-06,19.594414833333335,0.005999750000000001,82320.36308366667,2.453928625,-0.7483035,294.11511270833336,0.0074405,0.795428625,0.3917913333333333,4.6416666666666666e-05,337.42504625,0.4447289617192325,23.163
2016-06-07,20.914986958333333,0.006957083333333333,82370.88741633332,3.059240916666667,-0.13988091666666666,304.46721045833334,0.0,58.53552645833333,0.38792220833333335,0.0,337.1393732083333,0.44463813679961817,22.682
2016-06-08,21.89486629166667,0.0064,82346.248023625,3.092574375,1.8936457500000001,293.8463179583334,0.0,100.67609975,0.4130213333333333,0.0,339.84300470833335,0.4229761717012,21.776
2016-06-09,18.77723033333334,0.0039454166666666665,82180.80650104168,3.3651487083333333,3.110937416666667,270.29487512500003,0.0,0.0,0.4269956666666667,0.0,344.9353800833333,0.42308969520346285,22.37
2016-06-10,17.215866375000008,0.004467375,82131.210495625,3.7836159583333333,3.3653719166666662,271.0488633333334,0.0,0.0,0.38916154166666667,0.0,340.20583175,0.43848467661154866,22.738
2016-06-11,14.599388916666674,0.0043512916666666665,82390.69855608333,0.7944196666666667,-0.11879466666666665,265.6734759583333,0.0,2.9462858749999996,0.3474565416666667,0.001648833333333333,327.93049770833335,0.4297199908078608,22.059
2016-06-12,15.953826041666666,0.005728208333333334,82552.8312175,-2.210476125,-2.301696375,304.7097400833333,0.10569833333333334,17.92704841666667,0.3450795,0.009667208333333333,318.25566925,0.4182532208210176,21.719
2016-06-13,15.67665504166667,0.005058625,82728.91403925,1.7693005416666667,0.31424108333333334,276.614576875,0.014553791666666665,2.3132382083333334,0.3259106666666667,0.0043261666666666665,339.34174829166665,0.4069226943314001,20.558
2016-06-14,14.635099250000005,0.004150833333333334,82284.15075108333,4.6243451250000005,3.5462945,265.17166075,0.0,0.0,0.36147170833333336,0.0,326.4570449166667,0.3908465015549903,20.558
2016-06-15,12.386756833333346,0.004114708333333334,81933.654436375,4.239985,3.269077375,272.14813341666667,0.0,0.0,0.31247825,0.0,285.5024779583333,0.3992252028626317,20.728
2016-06-16,9.116685458333352,0.003523166666666667,82279.615676125,3.528675541666667,2.6254761666666666,238.64091708333333,0.0,0.0,0.31955991666666667,0.0,348.31535612500005,0.3980898791318442,20.756
2016-06-17,12.760606916666676,0.004455625,82443.03598154166,2.25546125,2.0662351666666665,271.77285070833335,0.0,0.094285625,0.2961238333333333,1.3083333333333332e-05,300.97054383333335,0.40201808902363584,20.983
2016-06-18,15.345210666666672,0.005754875,82632.49347791667,3.2343600416666667,3.519315375,285.726228875,0.0,0.11209516666666668,0.32633520833333335,0.000247625,323.583740875,0.4064912729043299,21.153
2016-06-19,15.672750083333339,0.004823291666666667,82957.58328683332,-0.17779766666666666,0.421488125,270.11774683333334,0.0,0.0,0.33068416666666667,0.0,323.2023545416667,0.407967185495318,21.238
2016-06-20,21.173541458333332,0.0046927083333333335,82923.58937866667,1.3701041250000001,2.259642791666667,302.7425377083334,0.0,0.0,0.379730375,0.0,333.3837070833333,0.4068999804542413,20.926
2016-06-21,21.24107004166667,0.003909208333333333,82979.11994283333,2.2246725416666666,1.4049106666666666,278.031586,0.0,0.0,0.3967505416666666,0.0,347.484338875,0.41995621100555175,22.568
2016-06-22,21.250032833333332,0.004055791666666667,82744.83897191666,3.5444940000000003,1.184583375,277.4043975,0.0,0.0,0.410357625,0.0,349.2711589166667,0.4644154741098816,24.777
2016-06-23,20.353034500000003,0.003446333333333333,82692.46534383333,4.142961125,2.7783184999999997,267.838922625,0.0,0.0,0.427241875,0.0,349.2172190416666,0.4843290549173707,25.06
2016-06-24,18.129325208333338,0.004009583333333333,82760.70138116667,3.4416963333333332,1.43627975,264.773774,0.0,0.0,0.3913596666666667,0.0,348.8131470833334,0.4752691697715239,24.324
2016-06-25,18.367037416666665,0.004538041666666667,82861.574776875,-1.2963244166666668,-1.3899404166666667,271.9874498333333,0.0,0.0,0.36957708333333333,0.0,348.4797664166667,0.46026019580125005,23.899
2016-06-26,21.428065916666668,0.004512583333333333,82789.9237235,-1.0530208333333333,-0.18483625,282.7415707916667,0.0,0.0,0.36883466666666664,0.0,345.26136770833335,0.4563092613261426,23.616
2016-06-27,22.388002916666665,0.0048445833333333336,82957.45563625,1.9595535,0.11266370833333335,285.4280735,0.0,0.0,0.390201,0.0,346.85597529166665,0.4509732498858184,23.39
2016-06-28,23.759626541666673,0.00495,82967.117431625,1.8742559583333334,0.8314732083333333,300.76195770833334,0.0,0.0,0.40776708333333334,0.0,341.4068495833333,0.4460005197705394,22.88
2016-06-29,24.154345541666668,0.0048245,82752.67728091667,1.9994196666666666,1.589523875,307.74740425,0.0,0.0008571249999999999,0.42588725,0.0,340.9664867083333,0.4267000301122125,22.087
2016-06-30,22.81957208333333,0.004941791666666666,82656.85815429167,1.0773510833333333,0.5328124166666667,295.75372841666666,0.0,0.002952375,0.41727783333333335,0.0,343.23856391666664,0.4242477251641539,22.002
2016-07-01,23.56466945833333,0.004803583333333333,82522.6337775,1.3339286250000002,0.8805059166666666,297.21465166666667,0.0,9.160000458333334,0.40330770833333335,0.0,346.6399807083333,0.4209098680731493,21.861
2016-07-02,23.180267583333336,0.005988708333333333,82626.595563625,2.7319196666666667,0.64839275,309.52212125,0.0270875,63.305812583333335,0.42094783333333335,0.0008601250000000001,341.8135100833333,0.430582829073648,22.738
2016-07-03,21.903494625000004,0.005673999999999999,82798.37730191667,2.5251487083333335,0.730327375,298.54658524999996,0.0014880833333333334,4.713047791666667,0.41414425000000005,3.5833333333333335e-06,343.96734745833334,0.4447062493715248,23.107
2016-07-04,21.701102625000008,0.005342208333333333,82746.67617645834,2.952782708333333,0.7967857083333333,287.69110904166666,0.0,0.0,0.41039612499999994,0.0,344.3039510833333,0.44216313785726413,22.937
2016-07-05,20.096681416666673,0.004251625,82643.1681315,3.5160118750000002,0.47659229166666667,273.95030633333334,0.0,0.0,0.4052140416666667,0.0,348.502332375,0.42372548340582245,21.323
2016-07-06,19.13486479166667,0.0036705833333333334,82491.96978470833,3.4918750000000003,0.22979175,267.22932425,0.0,0.0,0.41350533333333334,0.0,348.1392726666666,0.4061052578192628,21.408
2016-07-07,19.443707666666665,0.0048131250000000006,82453.29191079167,3.04971725,0.8520387500000001,286.6439375,0.0,0.0,0.39160412499999997,0.0,337.1522479166667,0.41164564062322945,21.181
2016-07-08,19.814742625000004,0.005401708333333334,82494.26332312501,3.5343153333333333,1.0718155416666668,292.9614070833333,0.0,0.0,0.3799617083333333,0.00010833333333333333,322.08830695833336,0.4040843911222356,21.011
2016-07-09,18.687761708333333,0.006000958333333334,82592.48222429167,4.393868958333333,2.7797022499999997,296.87508291666666,0.0,0.0,0.382506875,0.0,309.80486475,0.4039935662026213,21.011
2016-07-10,15.917245916666667,0.0051119166666666665,82507.849586,5.495193291666666,2.0350595833333336,266.0520625,0.01190475,0.0,0.3893000833333333,0.00026904166666666667,347.008582,0.4047201732067911,21.011
2016-07-11,14.097138500000012,0.0038792500000000003,82591.10245749999,-0.22644337500000003,-0.56309525,252.64292587500003,0.0,0.0,0.349760625,0.0,345.4565572916667,0.4000880457167719,20.586
2016-07-12,18.18131033333334,0.003920791666666667,82447.59640070832,2.884479166666667,0.762128,269.60250883333333,0.0,0.0,0.37409404166666665,0.0,345.69859370833336,0.3912779214526094,20.36
2016-07-13,19.752278999999998,0.004310125,82757.631987125,-0.11127983333333331,-0.663928625,275.74606566666665,0.0,0.0,0.37814025,0.0,344.535078375,0.3864868564710693,19.878
2016-07-14,22.707660625000003,0.004384416666666667,82838.58996004167,0.029508916666666645,-0.5983630416666667,289.2905885833333,0.0,0.0,0.39319687499999995,3.816666666666667e-05,342.527105125,0.3790164318896898,19.708
2016-07-15,22.908882333333338,0.0038219583333333335,82681.81244183333,2.6733034583333333,0.17802083333333332,291.1304992916667,0.0,0.0,0.4046254166666667,0.0,315.46991379166667,0.3803788270962192,19.765
2016-07-16,21.493852541666666,0.0045505833333333336,82481.94652154167,3.1262648333333334,0.48735124999999996,287.41642329166666,0.0,0.022761958333333335,0.41580466666666666,0.0,340.3437905,0.38028800064715385,19.737
2016-07-17,20.027161375000002,0.003998708333333333,82351.69628908334,3.7354164583333334,2.2693451249999996,270.41596120833333,0.0,0.0,0.413890625,0.0,340.1573138333333,0.3788347789915591,19.652
2016-07-18,19.436789291666667,0.003557458333333333,82487.205659375,3.2017559583333335,3.8188689583333333,266.6417793333333,0.0,0.0,0.42449570833333333,0.0,342.331843875,0.3781989938481016,19.624
2016-07-19,18.854089458333334,0.0038067916666666667,82710.81127929167,2.3085862916666664,2.8503868333333333,270.76130370833334,0.0,0.0,0.38780108333333335,0.0,336.5810157083333,0.3779265145009054,19.652
2016-07-20,19.44565091666667,0.0041888333333333335,82717.990246,1.4999552916666667,2.1141666666666667,276.9435505833333,0.0,0.0,0.39037558333333333,0.0,336.548593875,0.3891208173761607,20.586
2016-07-21,21.509028125,0.003929541666666667,82765.84511029166,1.991979125,2.318110041666667,281.061154875,0.0,0.0,0.3953805416666667,0.0,334.3016172083333,0.4019953904409874,20.954
2016-07-22,21.142874208333335,0.0031602916666666667,82949.20779854167,2.3966665833333334,1.8186309583333333,272.571035625,0.0,0.0,0.4077702083333334,0.0,338.78777325,0.4034486075082291,20.926
2016-07-23,20.575428791666667,0.003564958333333333,82958.39984425,-0.4012052916666667,-1.0417708333333333,269.596735125,0.0,0.0,0.3840912916666666,0.0,338.6676556666667,0.3949790843398755,20.162
2016-07-24,22.235195333333348,0.004069041666666666,82675.44152245834,-1.6267410833333333,-0.7571725416666667,285.3741309166667,0.0,0.0,0.39832920833333335,0.0,335.452417125,0.3746340805758652,19.199
2016-07-25,23.203025583333343,0.0037112916666666666,82646.91374866666,2.5887648750000003,0.6693452083333332,281.17977049999996,0.0,0.0,0.409753875,0.0,335.9794806666667,0.3636895584651576,19.255
2016-07-26,23.683718125000002,0.004406625,82805.23241016666,1.4752380833333334,-0.021443458333333335,291.358044,0.0,0.0,0.4034739583333333,0.0,332.389450875,0.3886893883018354,20.36
2016-07-27,25.385279458333333,0.003758708333333333,82846.89292695833,1.1158780833333333,-0.12019333333333333,300.70337166666667,0.0,0.0,0.411041875,0.0,327.3304499583333,0.3954786305744605,20.869
2016-07-28,26.044596583333334,0.0048467499999999995,82888.41868966667,0.33569950000000004,-0.8199999166666667,323.209606125,0.0,6.562286,0.4229252083333333,0.0,320.536303625,0.4145066485328464,21.323
2016-07-29,27.235564166666666,0.006714,82719.93029191667,-0.24267854166666666,-0.49693445833333333,341.46494720833334,0.08059908333333334,86.765623125,0.3907474583333334,0.0011582916666666666,313.14951154166664,0.4031307172306769,20.926
2016-07-30,26.083308875,0.007238125000000001,82535.720842625,2.847008833333333,1.1083779583333333,335.356584875,0.018977666666666667,74.213622625,0.42372737499999996,0.00019345833333333335,316.93614841666664,0.40213162629095783,20.869
2016-07-31,24.357871583333335,0.006297166666666666,82527.87102395833,3.2117112083333335,1.155208375,316.1679708333333,0.0,4.163905041666666,0.41840733333333335,0.0,320.72346166666665,0.3923678388413938,20.02
2016-08-01,23.458158458333333,0.00521,82627.72391179168,2.42311,0.3633035416666666,305.17155529166666,0.0,0.03466670833333333,0.3989310833333333,0.0,311.77296358333336,0.3838529108604882,20.162
2016-08-02,23.59778937500001,0.004668291666666667,82755.47570229166,2.8673957916666666,1.024255875,304.56369858333335,0.0,0.0,0.409361625,0.0,312.50588654166665,0.3981579871153978,20.898
2016-08-03,22.722172125000004,0.004386083333333333,82836.36281625,1.38735125,-0.7019047500000001,291.16338670833335,0.0,0.0,0.40016008333333336,0.0,315.93664258333337,0.4059236049211321,21.068
2016-08-04,22.58592270833333,0.0034219999999999997,82633.34337791667,-0.03729162499999996,1.151324375,290.48352116666666,0.0,0.0,0.3947940833333334,0.0,305.19566316666663,0.4004286437536788,20.7
2016-08-05,22.424433833333335,0.003643916666666667,82304.74287345834,1.83584825,2.1266815,295.9437580833333,0.0,0.015904708333333333,0.39517375000000005,0.0,311.732422,0.3990889624243081,20.756
2016-08-06,18.646149708333333,0.0036731249999999997,82331.62861566666,2.72252975,1.3544047499999998,263.6656640416667,0.0,0.0,0.3830760416666667,0.0,315.77636045833333,0.39981556025177173,20.926
2016-08-07,18.277998,0.0034262916666666665,82261.36791991667,3.0669790416666665,1.2218452916666667,260.87730075,0.0,0.0,0.3711825833333333,0.0,316.28411008333336,0.42422501893425024,22.37
2016-08-08,18.86033891666667,0.0029218749999999996,82333.76786870834,2.522544583333333,0.3222321666666666,257.8906485416667,0.0,0.0,0.36995350000000005,0.0,314.63180600000004,0.42942480676021205,22.285
2016-08-09,18.019555625,0.003529916666666667,82310.00664995833,1.8647768749999998,0.44726179166666663,263.5005004583333,0.0,0.0,0.3675673333333333,0.0,311.065526375,0.4279716019285786,22.2
2016-08-10,18.82983154166667,0.003907583333333333,82385.63477729166,1.8381249583333332,-0.30133925,275.89375791666663,0.0,0.0,0.35192333333333337,0.0,307.10232429166666,0.42733581525567005,22.172
2016-08-11,19.682828000000004,0.0040688750000000004,82783.30662904166,-1.3180505416666668,-1.374479125,282.633505125,0.0,0.0,0.37688066666666664,0.0,305.746943125,0.42504245544638747,22.115
2016-08-12,21.714135499999998,0.004163125,82933.35645691666,-2.066235041666667,-1.0099850833333333,291.9038479583333,0.0,0.0,0.37253529166666666,0.0,303.5442405833333,0.41620964177628267,20.983
2016-08-13,23.65567254166667,0.004190541666666666,82821.06143041667,-0.5201785416666667,-0.8387796666666666,299.71487433333334,0.0,0.0,0.37939908333333333,0.0,301.769371375,0.38635061909164775,19.822
2016-08-14,23.81160341666667,0.004332083333333334,82702.78778366667,1.7218154583333334,0.9608035416666666,299.9850079166667,0.0,0.0,0.3819579583333333,0.0,300.05057945833335,0.36702741708561315,18.548
2016-08-15,21.579490875,0.0045167083333333335,82666.81014008333,2.127619,1.1884225833333333,286.6828511666667,0.0,0.0,0.386159875,0.0,300.83462687499997,0.3418686543457674,17.726
2016-08-16,22.912496041666667,0.00375325,82626.78879504166,-0.9310118333333333,-1.6272172083333334,290.80612491666665,0.0,0.048190500000000004,0.3701695,0.0,298.325900625,0.3393255214191924,17.613
2016-08-17,23.77572033333334,0.004236333333333333,82551.448404875,-0.5643600416666666,-2.0829315833333335,303.097553,0.0,4.798571625,0.3867103333333333,0.0028767916666666664,294.98072766666667,0.33616931110851445,17.415
2016-08-18,24.163769208333335,0.004729833333333333,82520.65433170834,-1.167172625,-2.136547541666667,329.26869841666667,0.027979375,49.089431,0.3527125,0.0033577083333333336,230.24795725,0.3377133515659195,18.123
2016-08-19,23.98226841666667,0.004934875,82594.940976125,-1.6222172083333335,-2.613497,322.80216533333333,0.003852541666666667,28.546001458333333,0.378935125,0.0020654583333333336,284.97632358333334,0.3722498973764194,19.425
2016-08-20,24.07963754166667,0.00458,82593.73678154167,-0.37626491666666667,-2.5746576666666665,306.9628354166667,0.0,30.018382416666668,0.38765741666666664,0.0,290.24576329166666,0.3834896111820308,20.416
2016-08-21,24.04422291666667,0.00482875,82498.44914891667,0.4997321666666667,-2.641324375,313.25052845833335,0.052158041666666675,122.34952966666667,0.39153641666666666,0.031773833333333334,286.74342479166665,0.40324424532129277,20.869
2016-08-22,23.12263379166667,0.005354208333333333,82593.19973025,1.1309673333333332,-2.02135425,325.548996375,0.185986625,123.54305333333333,0.37238920833333333,0.036104083333333335,267.59580370833334,0.39702267103186545,20.53
2016-08-23,21.96079887500001,0.005358333333333333,82841.37881329167,2.6997766666666667,-1.2069345,313.213237375,0.07076066666666667,17.003238916666668,0.36486625,0.004291041666666666,279.83418033333334,0.3911870934740931,20.303
2016-08-24,20.225074166666666,0.004427041666666667,82976.710786375,3.3684374583333336,-0.6903719583333334,283.81802941666666,0.0,6.112286,0.3701477083333333,0.0,288.109073,0.38982471050317186,20.19
2016-08-25,19.506367,0.003813,82745.31684804166,2.0350149583333335,-0.704002875,280.54866920833337,0.0,0.0,0.346114375,0.0,285.76690691666664,0.3868047498075236,19.992
2016-08-26,19.89204875,0.003652666666666667,82544.595749625,1.436770875,-0.086339375,278.38782104166665,0.0,0.8626667083333333,0.3360022916666667,0.0,284.9691079583333,0.3726813233918426,18.944
2016-08-27,19.747520124999998,0.0039375,82649.42170066667,2.967202375,-0.19660720833333334,282.58296908333335,0.0,2.623142958333333,0.35256175,0.0,282.56135870833333,0.35767234483321575,18.519
2016-08-28,20.108009166666676,0.003525083333333333,82849.44806779166,2.5809522499999997,0.9391220833333334,278.7654105,0.0,0.0,0.34816733333333333,0.0,281.25211475,0.3539257801922997,18.406
2016-08-29,21.341814125,0.0036867083333333335,82987.36712941667,1.8533035833333333,1.4784672500000002,287.16075225000003,0.0,0.0,0.3478189583333333,0.0,277.37416829166665,0.3601019328452136,18.916
2016-08-30,22.753725708333338,0.0032015833333333336,82728.00219733334,2.0115177916666664,2.9595237500000002,297.37874304166667,0.0,0.0,0.3515637916666667,0.0,255.26161308333334,0.3694797067391616,19.227
2016-08-31,20.757039,0.003659958333333333,82468.25008129167,1.7748362916666667,3.3460118333333333,285.96359529166665,0.0,2.500190583333333,0.36797979166666667,6.545833333333333e-05,275.7599657083333,0.3731127448189127,19.454
2016-09-01,19.886682375,0.0043345833333333335,82452.74423358333,2.4139583333333334,2.3929464166666667,281.12551483333334,0.0,5.3675240833333335,0.34210908333333334,4.6416666666666666e-05,276.1749124166667,0.36475677115348937,18.548
2016-09-02,18.115894541666666,0.0036288333333333333,82380.22266779166,2.7896427916666666,1.2383631666666666,269.4420767916667,0.0,0.0,0.32054975,0.0,265.9886549166667,0.34906658275598956,18.293
2016-09-03,17.161088708333338,0.0042265,82145.26961258333,2.6079315,0.5862202916666667,283.171333,0.0,0.0,0.31891275,0.0,262.6083399166667,0.3549475743030202,18.349
2016-09-04,14.226711791666673,0.002909208333333333,81840.27441408334,4.2710415416666665,0.755803625,246.485351125,0.0,0.0,0.31720704166666663,0.0,275.5294952916667,0.3529494046591904,18.321
2016-09-05,12.98525845833334,0.0036487916666666665,82127.989106625,-1.1834969166666667,-1.5406994166666665,255.392673125,0.0,0.0,0.267693625,0.0,269.7366732916667,0.3498386068083197,18.094
2016-09-06,14.967442458333338,0.0030965416666666663,82340.87146579167,-0.7443601666666666,-0.5244940833333334,259.38945816666666,0.0,0.0,0.28654595833333335,0.0,265.62284858333334,0.33753169713833775,17.188
2016-09-07,17.391321458333334,0.00410825,82617.146089125,-0.004404874999999996,-1.3272023333333334,275.3947113333333,0.0,0.0,0.2861841666666667,0.0,258.8391433333333,0.323567220449786,16.707
2016-09-08,19.665401083333332,0.00445,82897.368675625,0.9809970416666666,-0.703363125,283.12850525,0.0,0.0,0.2917245,0.0,259.9374829166667,0.321864245559762,16.877
2016-09-09,19.247556375,0.003835625,82977.804141125,-2.1461011666666665,-2.083065375,281.6863632916667,0.0,0.0,0.3165977916666667,0.0,258.9705657916667,0.327654393833766,16.933
2016-09-10,19.392681875000005,0.003547583333333333,82970.73134070834,-1.7375297083333334,-0.3713392916666667,285.7168247083333,0.0,0.0,0.31465608333333334,0.0,255.15556329166668,0.32776791580657777,17.217
2016-09-11,21.417171208333333,0.004142583333333333,82873.88319629167,2.1685862916666667,-0.9899702499999999,296.5119730833333,0.0,5.537904999999999,0.318023625,0.0015363333333333333,251.39060658333332,0.33492045622820915,17.33
2016-09-12,18.156336208333332,0.00386625,82265.36807104167,4.949449291666666,1.9483481666666667,274.03877370833334,0.0,6.459238458333334,0.3419634583333333,9.287500000000001e-05,254.95272679166666,0.331855102955617,17.188
2016-09-13,13.071887166666672,0.003885666666666667,81992.66537625,0.2695237916666667,-1.7097024583333333,285.4237882083333,0.0,13.778857875,0.26606841666666664,0.024063708333333333,209.89145029166664,0.34139181281163505,18.236
2016-09-14,11.413911208333344,0.0037214166666666667,82468.08267079167,1.6820982500000001,-1.4414433750000002,249.18066387500002,0.0,0.0012380833333333334,0.242509,0.0,252.18845870833331,0.3547659198754385,18.038
2016-09-15,13.413300958333343,0.0034407916666666667,82761.30403641667,-2.194985208333333,-1.0889285833333333,254.87295558333335,0.0,0.0,0.2551202083333333,0.0,249.271324875,0.34363974792550217,18.038
2016-09-16,14.730577291666672,0.00324025,82738.54663091667,-2.411830333333333,-1.3650297083333334,255.77164566666667,0.0,0.0,0.26924275000000003,0.0,249.07755116666667,0.3457514471893988,18.123
2016-09-17,16.611144166666673,0.002980333333333333,82800.363013875,0.11688991666666666,-0.04031245833333334,264.9776875833333,0.0,0.0,0.272493875,0.0,243.16660112500003,0.35051980747048644,17.981
2016-09-18,19.409980250000004,0.0036177916666666667,82779.16098166666,2.045282625,0.5184970416666667,286.091436875,0.0,0.0,0.28103358333333334,0.0,238.79594016666667,0.3452973180029741,17.953
2016-09-19,20.608050541666675,0.004148666666666667,82750.87172154167,3.1937648333333333,1.8433035833333333,285.4466299583333,0.0,0.0,0.3004125416666667,0.0,237.74434995833334,0.350928524197104,18.831
2016-09-20,19.664727083333332,0.0036939166666666665,82655.873791,3.2482736666666665,3.0220684166666665,281.69372891666666,0.0,0.0,0.31017170833333335,0.0,234.33901087499999,0.2856403784917487,8.665
2016-09-21,18.299150958333332,0.004476083333333333,82262.66588779166,3.7786309166666663,3.555119,315.18151058333336,0.0,0.013714249999999999,0.2821934166666667,0.017699416666666665,180.59600283333336,0.0013639777761044927,0.057
2016-09-22,9.92137008333335,0.003006166666666667,82007.411109625,4.6919492499999995,0.38325887499999994,233.29134895833332,0.02631279166666667,1.2281905,0.241701625,0.0030024166666666667,223.10417779166667,0.0009187038631708394,0.045
2016-09-23,7.94245595833335,0.0035539166666666666,82593.020054375,2.27915175,-3.3520534583333332,248.52511395833335,5.995833333333333e-05,0.3536190416666667,0.22799424999999998,0.00017979166666666667,225.92459420833333,0.0008197036454700041,0.042
2016-09-24,12.420044458333349,0.004463791666666667,83074.67123558333,-1.2059969583333332,-2.6106845416666666,267.8369285,0.0,0.0,0.22382995833333333,0.0,224.07608183333332,0.0007688411303245372,0.04
2016-09-25,14.182158625000008,0.0030278333333333333,83437.64692616666,-4.149568291666667,-0.9176637083333333,258.33680933333335,0.0,0.0,0.2580625833333333,0.0,227.07490945833334,0.0007465887799483953,0.039
2016-09-26,16.332801416666666,0.0035496250000000003,83249.35584066667,-2.6324254166666665,-0.19002975,271.48719620833333,0.0,0.0,0.26661725,0.0,225.60751708333336,0.0007238823170425063,0.035
2016-09-27,19.088005916666667,0.00390775,82850.10446895834,-1.3719643333333333,-0.34691970833333335,278.78572241666666,0.0,0.0,0.2524644166666667,0.0,223.80415341666665,0.0006103499666665531,0.032
2016-09-28,19.647068416666666,0.0038127083333333333,82612.17988504167,-1.08202375,0.33467258333333333,282.0471069166667,0.0,0.079142875,0.2653789583333333,0.0,220.9321411666667,0.0006003591205981947,0.031
2016-09-29,19.521412916666673,0.004190708333333334,82668.36194429167,2.289434583333333,2.190848208333333,308.2988324166667,0.0043265,5.730571666666666,0.2657672916666667,0.001377375,205.10303416666667,0.0005678888708760299,0.03
2016-09-30,16.68675304166668,0.004420416666666667,82696.58805341666,2.61522325,3.8359225,276.13554404166666,0.0,0.5931428333333333,0.27614795833333333,0.0,215.94150504166666,0.0006053545436323738,0.032
2016-10-01,13.899121708333338,0.0037665833333333336,82448.52918058333,3.309255916666667,3.1355654166666667,257.43960699999997,0.0,0.0,0.25647058333333334,0.0,215.77361179166667,0.0006053545436323738,0.031
2016-10-02,9.510561291666681,0.002636791666666667,82169.34405229166,3.657008916666667,2.2705655416666666,225.605233375,0.007795666666666667,5.286571625,0.22133645833333335,0.0006345416666666666,214.81339741666667,0.0005778797169443883,0.03
2016-10-03,4.264463500000026,0.0034966249999999997,82225.07915970833,5.620595125,1.6593898749999998,258.81712162499997,0.07071175,10.734667125,0.14767349999999999,0.091084,122.21257116666668,0.0005703865823931195,0.029
2016-10-04,5.834320458333355,0.004168041666666666,82291.13237075,3.053288625,0.47264875,240.22371491666664,0.0,0.0,0.12855312500000002,0.0022737916666666666,205.84025345833334,0.0005603957363247611,0.029
2016-10-05,7.269973458333353,0.003452375,82382.05659408333,2.900491,-1.1915327083333334,228.21804516666666,0.0,0.00666675,0.17530754166666665,0.0,207.41044495833333,0.0005504048902564028,0.028
2016-10-06,7.2101638750000205,0.003040291666666667,82665.993675625,-1.632217625,-1.2080059166666668,230.79246525,0.0,0.0,0.17604029166666668,0.0,203.73714708333333,0.0005390516513354357,0.028
2016-10-07,11.040981166666683,0.0027778333333333335,82679.63813708334,-1.2721875416666666,0.375357125,248.89096166666664,0.0,0.0,0.2035425,0.0,200.5379825,0.0005413222991196291,0.028
2016-10-08,13.741126833333347,0.0027355833333333334,82714.370059,-1.4704464583333332,0.5800298333333334,252.72283645833332,0.0,0.0,0.219443375,0.0,200.47173541666666,0.0005208864690618884,0.028
2016-10-09,15.618062583333339,0.00264525,82642.72360954167,0.804851125,1.529107,253.60105099999998,0.0,0.0,0.220056875,0.0,199.554498,0.0005504048902564028,0.029
2016-10-10,15.062576291666673,0.002681291666666667,82539.65246,1.8496130833333335,2.1573806666666666,266.87517241666666,0.0,0.0,0.22258066666666668,0.0,183.12474716666668,0.0005492695611366903,0.027
2016-10-11,13.307690791666674,0.00234525,82575.36006091668,2.011741041666667,1.4791220416666666,243.44685474999997,0.0,0.0,0.21827029166666667,0.0,195.768128625,0.0005072625823567279,0.027
2016-10-12,13.293644250000014,0.0028245416666666666,82564.40130904167,-0.165133875,-0.039062541666666666,251.77820858333334,0.0,0.0,0.20615233333333335,0.0,192.79121441666666,0.0005299690601986621,0.028
2016-10-13,12.941728291666676,0.0031405833333333333,82370.96687816667,3.2729314583333333,2.4095534583333333,290.5864667083333,0.0,0.0,0.19830758333333331,1.9625e-05,124.91061891666668,0.0005367810035512423,0.028
2016-10-14,13.108411458333334,0.004596916666666667,81943.59491262499,6.290729041666666,7.3597469166666665,294.225797375,0.0011253333333333334,0.0,0.21147095833333332,0.23805566666666667,113.08615429166667,0.0005415493628525254,0.028
2016-10-15,11.099481291666677,0.0062856249999999995,81816.50737058333,4.781383833333333,5.876577375,297.85063287500003,0.0006686666666666667,0.3492381666666666,0.19686391666666667,0.31707854166666666,170.72888591666666,0.0005960448932435176,0.032
2016-10-16,7.82831979166669,0.00588325,81467.05135095834,5.716636791666667,6.5431397083333325,318.90143620833334,0.0029171249999999996,5.150285916666667,0.13411183333333335,1.47197225,75.73034016666666,0.0007620291884655614,0.056
2016-10-17,6.14469925000001,0.005094625,81721.83969254167,5.655654625,4.042053541666667,284.24023170833334,0.004500375,1.2829524166666666,0.143132125,0.9961975833333333,167.85524133333334,0.0009693392996473648,0.031
2016-10-18,4.878610333333357,0.003590375,82456.2206915,2.3794494166666667,0.4399255833333333,221.50170645833336,0.0,0.0,0.11624529166666668,0.0010273749999999999,181.46832395833334,0.0004570812748395992,0.023
2016-10-19,5.489914208333346,0.0034367916666666666,83042.61890820833,-2.445476125,-0.6695387083333334,226.839860875,0.0,0.0,0.12572508333333332,0.0,175.145252625,0.00044686336205113547,0.023
2016-10-20,8.777733625000021,0.003450166666666667,83093.94592858333,-0.7686011666666667,0.8913987916666667,241.85655725,0.0,0.0,0.14910770833333334,0.0,175.68749304166667,0.0004672991876280628,0.025
2016-10-21,12.066620541666675,0.00352425,82651.25996329167,1.2622767083333333,2.669270791666667,235.00231616666667,0.0,0.0,0.16013416666666666,0.0,177.31334575000002,0.0004959093434357608,0.026
2016-10-22,12.532693875000007,0.0037281666666666665,82223.712018625,2.615580291666667,2.7136011250000003,261.25862475,0.0,0.0,0.17666120833333332,0.0,160.60962233333333,0.0004959093434357608,0.026
2016-10-23,12.273125250000012,0.0035011666666666667,82094.41469033333,1.7252381666666665,4.272767833333333,261.8664825833333,0.0,0.0,0.186057375,0.00045237500000000003,160.41111483333336,0.00047161341796994887,0.024
2016-10-24,11.888318541666672,0.0042307916666666666,82007.95721716667,2.7666815000000002,6.8802975,273.07079808333333,0.0020680416666666664,3.494476375,0.22016995833333333,0.06610866666666666,161.758040375,0.0004341477407327914,0.022
2016-10-25,9.589512458333347,0.004762333333333333,82296.57463725,3.4685416250000003,5.930699333333333,272.3145172916667,0.0,0.09961904166666667,0.16133383333333332,0.0,143.20154545833333,0.0004286981887392153,0.023
2016-10-26,12.369927000000011,0.004787791666666667,82403.28755116666,1.7003869166666667,3.3541516666666666,268.67011345833333,0.0,0.0,0.15362629166666666,0.0,160.690884125,0.00044686336205113547,0.023
2016-10-27,11.348812000000008,0.003879125,82213.97315616667,2.0475744166666665,3.8689879583333333,265.4891757916667,0.002985416666666667,1.0363810416666668,0.12195454166666668,0.27648870833333333,89.96317537499999,0.0004529941097242137,0.025
2016-10-28,9.448868666666682,0.007335041666666667,82050.9809105,1.5882438749999999,1.3636904166666666,343.76685316666664,0.06978995833333333,7.721762291666667,0.05034033333333333,0.6760583333333333,85.12459625000001,0.0007118478943908734,0.039
2016-10-29,8.653755375000012,0.006163833333333334,82163.07004508334,1.4043302916666667,2.8753124999999997,258.57749379166665,0.002532333333333333,2.0076190833333336,0.08976870833333334,0.015598375,154.93883470833333,0.0005360998033909267,0.026
2016-10-30,9.943925666666688,0.005575875,81830.85001620834,2.9030654166666667,5.427901708333334,293.82158558333333,0.0027625416666666666,0.5757144166666667,0.10725133333333332,0.4131874583333333,85.81621245833333,0.00046593680074987214,0.025
2016-10-31,4.840049750000023,0.003916083333333333,82171.31583658334,3.7753274166666664,4.5077826666666665,231.87852104166666,0.0013085,0.018523833333333333,0.10908920833333334,0.04830829166666667,148.34513808333335,0.0005004506390041476,0.026
2016-11-01,4.944212375000021,0.003801625,82068.00794041668,3.1697915833333337,2.781190375,251.36099129166666,0.0,0.003333375,0.08970291666666667,0.049376874999999994,129.16391683333333,0.00048773501320499,0.025
2016-11-02,5.7698632500000215,0.0038398333333333336,82797.007812625,-2.0698809583333335,0.7148064583333333,226.978402375,0.0,0.0,0.10518829166666666,0.0,144.23937620833334,0.0005163451734935016,0.028
2016-11-03,8.111759166666685,0.0032774166666666668,82993.00333645834,-0.7829017916666667,1.417886875,223.60920591666664,0.0,0.0,0.110388,0.0,147.25246475,0.0005390516513354357,0.028
2016-11-04,9.16700066666668,0.003836833333333333,82971.81630158333,0.15495541666666665,1.8557439999999998,233.014593125,0.0,0.0,0.10937933333333333,0.0,143.85222741666666,0.0005504048902564028,0.029
2016-11-05,9.188672416666678,0.003890333333333333,82771.56284870833,0.947366,2.212410708333333,229.04320945833334,0.0,0.0,0.09401845833333333,0.0,143.28073908333332,0.0005556273770234781,0.028
2016-11-06,8.834600333333347,0.004015041666666667,82467.50538270833,2.560223166666667,2.602380875,247.89864049999997,0.0,0.0,0.11220825000000001,0.0,134.29631008333334,0.0004959093434357608,0.026
2016-11-07,10.023169625000019,0.004696708333333333,82794.50344116667,0.8205357083333333,1.7104611666666667,276.73508325,0.0,0.0,0.10851529166666667,0.0,134.365625625,0.0004959093434357608,0.026
2016-11-08,12.241533000000013,0.004584791666666667,83034.542155,-0.2326785,2.172604125,261.33948870833336,0.0,0.0,0.12763204166666667,0.0,135.12611908333335,0.0004959093434357608,0.026
2016-11-09,12.531531500000007,0.004731625000000001,82981.49866304167,0.38627970833333336,2.193005916666667,258.2875389583333,0.0,0.0,0.11782966666666667,0.0,134.27182745833332,0.0005322397079828555,0.028
2016-11-10,11.946321708333345,0.004868916666666666,82883.92138679167,-0.5265624999999999,1.4568601250000002,255.25865516666667,0.0,0.0,0.104536,0.0,132.799947,0.0005504048902564028,0.029
2016-11-11,11.441982583333344,0.005024875,82804.77271679167,0.7545832916666667,2.3138987083333333,255.47338695833332,0.0,0.0,0.10638929166666666,0.0,130.702660875,0.0005504048902564028,0.029
2016-11-12,11.232964916666676,0.003936041666666667,82753.40348308334,1.8503719166666668,2.712529625,258.6552615,0.0,0.0,0.128860375,0.0,131.210118875,0.0005504048902564028,0.029
2016-11-13,9.176552875000013,0.0038706666666666664,82938.17359558334,1.062514875,1.8239880416666665,234.38475641666665,0.0,0.0,0.09729270833333332,0.0,130.99692266666668,0.0005504048902564028,0.029
2016-11-14,10.589036041666676,0.003222833333333333,82956.482294,1.5746429166666667,2.754732125,240.74898262500002,0.0,0.0,0.11824683333333334,0.0,128.90573216666667,0.0005504048902564028,0.029
2016-11-15,10.531369625000018,0.0021719583333333335,82579.37475591667,3.3651487083333333,4.292306333333333,226.63325383333333,0.0,0.0,0.153364375,0.0,129.22406604166667,0.0005529026017734923,0.029
2016-11-16,5.672383000000028,0.0033375833333333335,81964.77099608333,5.2354313333333335,1.5753868333333332,233.8219445,0.008877916666666666,12.037786333333335,0.12862216666666668,0.00897525,103.66614183333333,0.0005753820054272987,0.031
2016-11-17,-1.5896426666666412,0.00249125,82265.481061625,-0.09157733333333333,-0.7729313750000001,201.71826904166667,0.013924875000000001,6.154405000000001,0.07060695833333333,0.00030416666666666667,120.96538075000001,0.0006003591205981947,0.032
2016-11-18,1.1465923333333563,0.002124416666666667,82371.73587475,-1.00840775,2.88919625,224.57292633333336,0.0,0.0,0.10474883333333333,0.0,118.74318404166667,0.0006103499666665531,0.031
2016-11-19,5.422376000000022,0.0023817916666666666,81937.55697783333,2.9401636250000003,6.970073958333334,228.07984616666667,0.0,0.0,0.13079074999999998,0.010233625000000001,117.426880375,0.0005728842939102091,0.03
2016-11-20,6.87655991666669,0.004032333333333333,81863.23809529167,3.3011902916666664,5.366175166666667,264.1002472083333,0.000508,0.0,0.09292108333333333,0.12384487500000001,87.38424233333335,0.0006103499666665531,0.031
2016-11-21,4.678271125000026,0.004628291666666667,81956.73676991666,2.3885565416666665,-0.5041372916666667,290.61229983333334,0.0006836250000000001,9.103809958333335,0.051076916666666666,0.138812875,96.58174283333334,0.0007286506867990209,0.039
2016-11-22,1.3363399583333544,0.003389875,82450.62932475,1.6279017500000001,1.3144194999999999,220.97146850000001,0.0,0.011190458333333334,0.04881220833333333,0.004888291666666667,105.91082625,0.0006189784258567208,0.032
2016-11-23,1.9400552500000294,0.003027,82405.88559104166,5.022068166666666,3.427857083333333,230.10386429166667,0.0,0.14119045833333335,0.08693483333333334,0.06003970833333333,117.01046995833333,0.0006003591205981947,0.031
2016-11-24,-0.15796124999997654,0.0021978749999999997,82892.43505854167,1.7652677916666668,2.266339125,196.03654358333333,0.0,0.0,0.063558375,0.002112791666666667,118.68752320833333,0.0005703865823931195,0.029
2016-11-25,1.8605959166666841,0.0019479166666666666,82407.73556079167,1.71997025,5.288496875,194.46197504166665,0.0,0.0,0.08378708333333335,0.0,116.80616045833334,0.0005504048902564028,0.029
2016-11-26,1.9902331666666908,0.001876625,81744.557361375,1.2350595416666665,5.428928375000001,203.3938198333333,0.0,0.008976208333333334,0.08852304166666668,0.0,106.28588020833332,0.0005628934478418508,0.029
2016-11-27,-0.1555036249999796,0.0031683749999999998,81482.88010375,6.10163675,1.3848361666666669,256.5935510416667,0.028383333333333333,10.295286208333334,0.06288516666666667,0.31719933333333333,87.211376375,0.0005753820054272987,0.03
2016-11-28,-0.7030532083333186,0.0034524583333333334,81863.38513766667,6.004821291666667,0.8854166666666666,261.94576808333335,0.0,5.525214583333333,0.03601779166666667,0.04127054166666667,85.272890875,0.0005603957363247611,0.029
2016-11-29,-4.278812333333312,0.0026371666666666666,82298.48053849999,-1.847455375,-0.9177232083333333,197.60568020833333,0.0,0.009142833333333334,0.015694125,0.00013333333333333334,112.70276129166666,0.0005529026017734923,0.029
2016-11-30,-2.8128911666666485,0.0025075416666666666,82335.84538929166,2.20126475,1.58715775,214.14527808333332,0.0,0.0,0.024129541666666667,0.0,99.99933808333333,0.0005504048902564028,0.029
2016-12-01,-2.0428167916666378,0.0028370416666666665,82419.78965545834,-2.1642112916666667,-1.2247767083333334,227.59532229166666,0.0,2.4855239583333333,0.03175754166666667,0.0,86.66933720833333,0.0005504048902564028,0.029
2016-12-02,-4.616507499999978,0.002461416666666667,82804.12437220833,-4.177276708333333,-2.341369041666667,217.373581875,0.0,0.5418094999999999,0.03907504166666667,0.0,105.20409124999999,0.0005578980248076716,0.03
2016-12-03,-3.74924570833331,0.002398916666666667,83038.83342620834,-1.549136875,-0.3036459166666667,205.62783745833335,0.0,0.0,0.023698041666666666,0.0,106.65394524999999,0.0006103499666665531,0.032
2016-12-04,1.2791325833333573,0.0027919166666666665,82720.595738,2.3974702916666666,1.308303625,236.42184024999997,0.0,0.0,0.024316041666666666,0.0,95.20554058333333,0.0006103499666665531,0.032
2016-12-05,0.5448146250000172,0.002960708333333333,82227.167375875,4.548720125,0.6892261666666667,216.20151341666667,0.0,0.0,0.037972874999999996,0.0,107.50931441666667,0.000637597734102456,0.033
2016-12-06,-1.7298277083333105,0.0020992916666666664,81906.46475079167,5.7487945,2.235818375,184.08053145833333,0.0,0.0010952499999999999,0.073821,0.0,109.04704070833333,0.0006403225108460463,0.033
2016-12-07,-4.080615791666642,0.0022734583333333335,82264.62740658333,-0.3470834166666667,0.46126491666666664,215.14378945833334,0.0,0.002142875,0.05300533333333333,0.00014416666666666666,96.16546558333334,0.0006266986271280948,0.032
2016-12-08,-1.3731903333333129,0.00374125,82266.03580733333,3.154791583333333,4.60544625,284.25554504166666,0.0034065416666666667,0.0,0.019314124999999998,0.294494125,84.11134008333333,0.0006621207247947686,0.035
2016-12-09,3.3784159166666914,0.004378708333333333,82516.799641875,4.198660625,5.522291625,265.9816603333333,0.0,0.014303625,0.0157885,0.013718291666666667,87.31053958333332,0.0006489509715298185,0.033
2016-12-10,4.074606791666684,0.0050945416666666665,82212.46600625,6.140327374999999,6.303273708333333,288.813326875,0.010582041666666667,1.942904875,-0.008053458333333334,0.9126776666666667,51.488163125,0.0006157995201537337,0.033
2016-12-11,4.486437291666692,0.004671541666666667,82358.53867883333,4.976904583333334,2.3966815,261.6248007916667,0.0030439166666666666,1.7967262916666666,0.06184725,0.48133475,95.23908775000001,0.0006403225108460463,0.033
2016-12-12,1.3104698750000268,0.0021375833333333333,82366.80312966667,2.9145535000000002,1.5062796666666667,227.6434920833333,0.0,0.0,0.059661125,0.0008315416666666666,106.70095150000002,0.0006028568321152843,0.03
2016-12-13,1.6079249583333588,0.002650041666666667,82337.94219679166,1.8070238333333333,2.359136875,260.881779625,0.0,0.00023812499999999997,0.05831483333333334,0.001856541666666667,70.51327708333334,0.0005753820054272987,0.031
2016-12-14,4.303015083333355,0.00444575,82178.34186662499,4.330386833333333,5.215565291666667,265.564800875,0.0,0.0004762083333333333,0.026907083333333335,0.011892833333333333,101.16004633333334,0.0006103499666665531,0.032
2016-12-15,6.193684750000021,0.004594375,81666.31555758334,6.204032541666667,8.313303291666667,259.0615413333333,0.0016441666666666668,0.11519050000000002,0.07555774999999999,0.23491074999999997,70.7926045,0.0006157995201537337,0.033
2016-12-16,3.847642958333354,0.0051285,80996.979527125,6.988199291666667,2.9716516666666664,283.04808858333337,0.0759665,17.128715083333333,0.06676175,1.268549375,91.23780775,0.0006802859010938978,0.037
2016-12-17,-6.400050624999982,0.002007041666666667,82143.86460666667,1.857291625,-1.8109374583333333,197.0761569166667,0.0,1.0725952916666666,0.053422124999999994,0.04383391666666667,108.00590704166666,0.0006875519704186659,0.035
2016-12-18,-8.260437791666654,0.0017018333333333332,82881.87101225,-1.8304017916666666,-0.8498809166666667,167.43018991666668,0.0,0.0,0.022940833333333337,0.0,108.251136125,0.0006430472875896366,0.033
2016-12-19,-5.411240833333309,0.0017301666666666665,83210.04503825,0.668675625,1.148437375,186.46855233333335,0.0,0.0,0.023948791666666663,0.0,102.52698420833333,0.0006457720643332269,0.034
2016-12-20,-0.270496624999971,0.001977375,83197.88692812501,1.1061756249999999,1.7020684583333334,227.5703519583333,0.0,0.0,0.027904375,4.179166666666667e-05,89.72423633333334,0.0006757446085127201,0.036
2016-12-21,-0.39428704166664397,0.003261125,82958.67523479166,-2.0097320416666666,-0.7884077500000001,265.48694358333336,0.0,0.0,0.018011166666666665,0.0675695,66.50029466666668,0.0007377332585189359,0.039
2016-12-22,-2.621865874999973,0.0032905833333333333,82333.61583891667,0.44337804166666667,1.4110863333333334,207.55463804166666,0.0,0.0,0.010789041666666667,0.0005202083333333334,103.93167454166667,0.0007465887799483953,0.039
2016-12-23,0.9881368750000211,0.0023917916666666666,81629.3241955,3.0772172083333333,4.695877875,243.50100620833334,0.0,1.1968334166666665,0.07446345833333333,0.08443033333333333,82.07086716666667,0.0007465887799483953,0.04
2016-12-24,-2.0246029166666464,0.00307075,81072.73470041667,4.343943333333333,-0.11352683333333334,237.336809875,0.123679,11.150643333333333,0.05731266666666667,0.223949625,81.36315275,0.0007879145735040872,0.04
2016-12-25,-8.915095249999991,0.00188375,81640.457321875,2.1749255416666666,-0.499568375,178.49734750000002,0.007773958333333333,0.03499995833333334,0.02449641666666667,0.02395625,100.43658220833333,0.0007465887799483953,0.039
2016-12-26,-8.925259416666654,0.0015724583333333335,82464.437604625,-0.6759970416666667,1.6674255416666668,170.25949041666667,0.0,0.0,0.024145291666666666,0.010058916666666666,108.84879145833334,0.0007465887799483953,0.039
2016-12-27,-4.051777124999972,0.00233725,82923.93708154168,2.0494047500000003,2.8298363749999997,202.444474625,0.0,0.0,0.020626458333333333,0.0,103.110993125,0.0007465887799483953,0.04
2016-12-28,-0.4909288333333095,0.0028613749999999998,83117.24793070833,1.3922470833333334,0.617633875,211.26231675,0.0,0.0,0.007748916666666667,0.0,105.94961208333332,0.0007688411303245372,0.039
2016-12-29,-1.2575508333333112,0.0026005416666666664,83118.66641091667,-0.3106548333333333,2.0522767083333333,201.81637941666668,0.0,0.0,0.010322458333333333,0.0,106.851993,0.0007529465943415787,0.039
2016-12-30,0.31667504166668903,0.002652625,82626.75465033333,2.5381397916666666,2.4083779166666663,208.17736191666665,0.0,0.0,0.012873208333333335,0.0,104.1748025,0.0007465887799483953,0.039
2016-12-31,-1.0878780416666434,0.002923041666666667,82044.87294225,-1.1994344583333334,-0.11668141666666665,211.82611158333336,0.0,0.0,0.030682708333333336,0.0,101.48379058333335,0.0007465887799483953,0.039
2017-01-01,-2.8162262916666414,0.002625291666666667,81557.49242000001,3.0435118333333335,1.8591070833333332,192.8302633333333,0.0,0.0,0.030277416666666668,1.2083333333333333e-06,104.70015991666666,0.0007465887799483953,0.038
2017-01-02,-5.467982333333318,0.002254625,81367.71870341666,6.048362916666666,4.9970385833333335,195.21959374999997,0.0,0.7589047916666667,0.038391,0.035814875,81.950367,0.0006848271966622847,0.035
2017-01-03,-4.098934749999974,0.00273575,81792.26683408333,4.173169625,5.50952375,235.16323879166669,0.0,0.09999995833333332,0.030610833333333334,0.24852116666666668,93.03592133333332,0.000705490085972108,0.05
2017-01-04,1.3722706666666846,0.004590666666666667,81554.047688875,6.387559333333333,6.514136833333333,291.05572275000003,0.008164875,6.71857175,0.006761833333333334,1.2353813333333334,70.11109870833333,0.001615111387878264,0.089
2017-01-05,-0.16390541666664563,0.004283541666666667,81628.79150391667,3.5863837916666665,0.8095535833333334,291.2436538333333,0.000128875,2.136523875,0.02301404166666667,0.5100959166666666,81.48723008333333,0.001595810880965818,0.078
2017-01-06,-9.313517541666654,0.0018272916666666665,82113.82765991667,-0.6757738333333334,1.169479125,172.264460125,0.0,0.0,0.023357124999999996,0.004325458333333333,105.30987995833334,0.0013351405565638983,0.067
2017-01-07,-3.673904624999977,0.0028223333333333334,82013.87204695833,1.9144047083333333,4.855550458333333,257.3088485833333,0.002022916666666667,0.7811905,0.023069041666666665,0.43164762500000003,71.38266441666666,0.001294495951219686,0.068
2017-01-08,2.633833333333356,0.0050093333333333335,81929.44511495833,4.317842083333333,7.791353708333333,302.97918929166667,0.006901875000000001,1.930250125,-0.009780458333333334,1.7987059583333334,63.77640175,0.0014025787899293854,0.093
2017-01-09,2.6516014166666877,0.004770291666666667,81621.26936854167,6.571220083333333,6.463690333333333,278.5939519583333,0.082018625,3.884285916666667,0.01732875,1.5233299583333333,95.27065933333334,0.0020658348393630525,0.089
2017-01-10,0.6296369583333601,0.003963458333333334,81542.26826408334,6.9984819583333335,7.8087795416666665,279.28276129166665,0.000228125,0.09493458333333334,0.03474320833333334,0.6652619583333333,81.42565883333333,0.0014441316860516907,0.084
2017-01-11,0.848714583333352,0.00411325,81081.66281854166,6.867618875000001,6.249836291666667,269.451199375,0.0323455,1.0882382083333333,0.039774583333333335,1.20790325,80.71250983333333,0.0018253733066772547,0.084
2017-01-12,-2.3890385416666464,0.0032010000000000003,81602.85724754167,-0.05915170833333331,0.3876785833333333,267.73465170833333,0.013629875,11.028000541666666,0.024265791666666665,0.29871070833333335,61.9246515,0.001421652215185681,0.078
2017-01-13,-3.2707795833333115,0.003391458333333333,82236.526971875,-2.6642857083333333,-1.7011904583333333,266.581661,0.003200875,0.030095208333333335,0.02136670833333333,0.030935958333333333,84.60024225,0.0014818244329961622,0.076
2017-01-14,-5.447029791666643,0.0028349583333333334,82768.83107804167,-1.7609822499999999,1.3370090000000001,203.94371558333333,0.0,0.0,0.010427291666666666,0.0032328749999999996,102.35315941666666,0.0014659299119492491,0.076
2017-01-15,-5.444380416666644,0.002653541666666667,82536.12537208333,-0.6101635416666666,0.21605654166666666,188.726617625,0.0,0.0,0.0084715,0.010166625,113.21663037500001,0.0015692442987541855,0.085
2017-01-16,-6.189455791666642,0.002331,82777.84329654167,-1.9719195833333334,-1.012202375,184.49197508333336,0.0,0.0,0.014748958333333333,0.0,114.40041012500001,0.0016566641645122083,0.086
2017-01-17,-4.433533083333313,0.0020227083333333334,82690.22280733332,-0.35269333333333336,0.6300000416666667,196.525620625,0.0,0.0,0.014428125,0.0,115.33860691666666,0.0016566641645122083,0.086
2017-01-18,-0.5469557916666447,0.00297875,82109.84230845833,2.569002916666667,4.314791541666667,252.47520316666666,0.0,0.0,0.022957833333333334,0.10214462499999999,86.66253383333333,0.0016566641645122083,0.086
2017-01-19,-0.04578704166664269,0.003936833333333333,81198.11553666666,4.3717706666666665,5.254940166666667,270.42603587499997,0.05711404166666667,8.078167041666665,0.018342125,0.7218071250000001,65.67041979166667,0.0017894970755703704,0.097
2017-01-20,-3.059551666666639,0.00317825,80379.98828116666,2.5162054166666667,4.46440475,259.0705898333333,0.037108375,3.494071583333333,0.021400166666666665,0.40183254166666665,92.68788566666666,0.0018691968222052677,0.097
2017-01-21,-2.1208529999999786,0.003394666666666667,80469.51752004167,4.587261833333334,3.288571458333333,261.3863186666667,0.03756125,20.723524833333332,0.023520583333333334,0.34820175000000003,83.12126291666667,0.0018691968222052677,0.098
2017-01-22,-1.953395833333313,0.003365375,81169.40892391666,2.6441517500000002,5.439077208333334,261.52801479166664,0.03793454166666666,1.0660952916666666,0.027621041666666665,0.6666814583333333,72.49771195833334,0.001996125992566276,0.109
2017-01-23,-2.0139504999999738,0.0034507500000000003,80945.39121795834,3.4975740416666667,1.9436904583333332,269.91646725,0.18926029166666666,19.54621525,0.030469874999999997,0.6849111250000001,98.20975154166666,0.002076961033967982,0.106
2017-01-24,-5.900047083333312,0.0024055833333333334,81696.41395791667,1.7056397499999998,-0.23129454166666666,208.13253995833335,0.031240916666666663,2.5141072916666665,0.027168791666666667,0.032194625,108.38736241666668,0.001976598427895352,0.1
2017-01-25,-7.0583986249999775,0.0020959583333333334,82491.50733583333,1.6407290416666667,-0.3938244166666667,189.53326933333332,0.0,0.0,0.026127833333333333,0.0007026666666666667,101.24176775000001,0.001986362210230814,0.107
2017-01-26,-3.917908583333308,0.0028478333333333337,82837.09061104167,1.332544625,-0.654032625,266.4835350833333,0.0,1.1033571666666668,0.03213108333333333,0.00022379166666666665,76.70809316666667,0.0021035275982563603,0.097
2017-01-27,-5.77665670833331,0.0025736666666666664,83623.85012091667,-3.2086755,-0.3565775,192.043031125,0.0,1.9387620416666664,0.021917625,2.2624999999999998e-05,125.62049716666667,0.001100128577365281,0.047
2017-01-28,-4.637015041666641,0.0023397500000000002,83957.52476283333,-2.04141375,1.1375594166666667,186.15004066666665,0.0,0.0,0.016663083333333332,0.0,128.62775025,0.0008467243491730109,0.043
2017-01-29,-2.4319357499999747,0.00212625,83835.98322404166,-0.2595089583333333,1.467306625,184.78779341666666,0.0,0.0,0.017592291666666666,0.0,132.643500625,0.0008228825526665958,0.042
2017-01-30,-0.42168779166664166,0.0023109166666666664,83363.29293395834,0.69172625,0.841160625,204.55310575,0.0,0.0,0.02158429166666667,0.0,128.11467291666665,0.0008069880166836373,0.041
2017-01-31,0.91810437500002,0.002159541666666667,82753.63533529166,2.6776785000000003,2.4552232916666665,213.195783875,0.0,0.0,0.031455375,0.0,122.89946420833333,0.000649632159741298,0.032
2017-02-01,1.073937666666694,0.002040625,82297.34316866666,1.7888095,3.0375742916666666,238.76377433333334,0.0,0.0,0.041678125,8.791666666666667e-06,123.04919954166667,0.0006650725622840461,0.037
2017-02-02,1.801109958333354,0.0034944583333333334,82027.71706433334,1.9365177916666667,4.526175416666667,274.3785656666667,0.0007322916666666667,0.0,0.043738541666666665,0.028173166666666666,115.07111270833333,0.0008069880166836373,0.042
2017-02-03,1.9588181666666855,0.004309708333333333,81731.09981866667,2.9693153750000003,5.772812333333333,261.665351375,0.010334458333333333,0.9283333749999999,0.032726291666666664,0.3618153333333333,110.898713875,0.0008169788657392047,0.043
2017-02-04,1.3920772916666897,0.0037736666666666665,82012.46133275,4.7014729583333335,6.146606958333333,233.80486091666668,2.2333333333333335e-05,0.0,0.04223416666666666,0.08891629166666666,129.95022933333334,0.0008262885235960837,0.042
2017-02-05,0.9635955000000278,0.0034755,81929.55553625,3.2100000000000004,4.7530802083333334,223.64206325,0.0,0.0,0.034143291666666666,3.5833333333333335e-05,135.66700041666667,0.0008165247382734125,0.043
2017-02-06,3.3650534583333562,0.003972,81181.211542,6.173407624999999,8.214196249999999,254.11420529166665,0.0005995,0.039523833333333334,0.07481991666666667,0.3613940416666666,95.28856679166667,0.0008844170931302736,0.046
2017-02-07,4.401585708333355,0.005096583333333333,81388.29364308334,7.8811903333333335,8.083065375,295.00368441666666,0.012210333333333332,3.0507620833333333,0.0417515,1.000322875,100.86386212500001,0.0009579860562455843,0.054
2017-02-08,4.704845291666692,0.005300625,82285.87555808334,4.7754164999999995,4.684404625,301.222463625,0.008274208333333333,4.246143083333333,0.017662416666666667,0.593642625,70.68676808333333,0.0009659333317050861,0.046
2017-02-09,6.217375541666688,0.005344833333333333,82038.45335750001,4.401741,8.331190208333334,266.4991460416667,0.002665166666666667,0.27619045833333333,0.04056,0.21941791666666666,127.70030391666666,0.0008984951043140174,0.047
2017-02-10,4.90276162500002,0.005870958333333333,81886.62091933333,4.034077333333333,3.3775,313.91734483333335,0.06281995833333333,6.36073825,0.016766791666666666,1.5086964166666668,72.21460166666667,0.0009053070461729931,0.072
2017-02-11,0.3107676250000257,0.003502625,82498.062372125,-0.393556625,-1.5029017500000001,239.02460791666667,0.008163833333333334,0.7859762083333334,0.03794945833333333,0.09558783333333333,128.99496745833332,0.05182411642663467,5.465
2017-02-12,-3.3853730833333127,0.0029580833333333334,83173.95075341668,-3.409136833333333,-0.5368899583333333,196.946647375,0.0,0.14688095833333334,0.029836291666666667,0.00021458333333333334,156.687054875,0.16911780928009643,9.061
2017-02-13,-3.9704625833333083,0.0021869166666666664,82981.02651820834,-2.2131547499999997,0.810565375,191.52645408333333,0.0,0.0,0.031406916666666666,0.0,152.60166245833332,0.20438096018295238,11.723
2017-02-14,-3.6376240416666383,0.002199333333333333,82861.436209625,-1.96459825,0.80363075,188.24017429166668,0.0,0.0,0.012571666666666667,0.0,163.3780020833333,0.25874025576352294,14.583
2017-02-15,0.02966829166668598,0.0023042083333333335,82677.93990641666,1.1333185,2.9756844166666667,204.81343295833335,0.0,0.0,0.030219458333333334,7.529166666666666e-05,143.891286375,0.34121015608987665,20.048
2017-02-16,3.237646458333357,0.0032735,81919.80790783332,3.617187416666667,6.4785414999999995,256.11416149999997,0.0,0.04119054166666667,0.064086875,0.048133333333333334,125.20970541666667,0.43394338474730104,22.937
2017-02-17,-0.3653468333333154,0.002975083333333333,81195.24953495833,-0.48514883333333336,1.782351125,257.316630625,5.4166666666666664e-05,0.0009047500000000001,0.022995791666666668,0.4153122083333334,104.67443941666666,0.5010864254141818,29.166
2017-02-18,2.074205291666694,0.004605916666666667,80430.16867783332,0.4723362916666667,3.2513540833333336,270.2505,0.029910083333333334,0.270333375,0.03181233333333333,0.18450208333333332,142.99774529166666,0.6182972276201678,31.998
2017-02-19,0.015144500000019009,0.0033337916666666668,81179.17749029167,4.032008791666667,4.835104,239.117851875,0.0,0.04257145833333333,0.023654083333333336,0.017920541666666668,122.814309625,0.6378247902836877,34.263
2017-02-20,2.8667514583333524,0.004821125,81667.89819341667,3.653020625,6.300595041666667,292.05921975,0.008046583333333334,0.8601905,0.0255795,1.0554104166666667,93.87245691666668,0.6809670997008648,35.396
2017-02-21,3.031662250000032,0.004522458333333333,81985.28785354167,5.223139708333333,7.397678375000001,284.84691408333333,0.03193358333333333,6.958714541666667,0.062838375,0.8689833333333333,101.36426083333333,0.6839189401773513,36.529
2017-02-22,-0.8179655833333156,0.0032880416666666665,82317.15495945833,4.094806416666667,1.0871129583333332,252.81575395833332,0.26790033333333335,8.816536166666667,0.06392033333333334,0.28134858333333335,158.16806125,0.735689704136599,39.077
2017-02-23,-5.339572583333308,0.0020122083333333333,82123.769287125,3.4544492916666667,-0.7155505833333334,240.622941125,0.028193375000000003,17.648024625,0.074312375,0.07797504166666668,111.07299341666668,0.7845086184426537,41.059
2017-02-24,-7.548962208333321,0.0016397916666666668,82314.70448516666,1.5734522916666667,0.360863125,191.31416220833333,0.0,1.4657382083333335,0.06006070833333333,0.019153,174.33840124999998,0.7929100213918456,41.626
2017-02-25,-6.255184249999972,0.0017417916666666667,82324.5623605,1.3781695833333334,1.3631547083333333,228.77463783333334,0.0,0.0,0.04180595833333334,0.0004120416666666666,82.32087295833334,0.8194765856802237,43.042
2017-02-26,-5.824425666666644,0.002203375,81824.82312591666,1.8012350416666667,2.033452375,183.92579975,0.0,0.0,0.047091,0.002012458333333333,179.25929470833333,0.8319651222476692,43.042
2017-02-27,-3.7631908749999776,0.0024042916666666666,81334.290911,4.9682885416666664,2.4419494166666667,230.72505450000003,0.0,6.79233375,0.059774375,0.11877020833333334,138.62355433333332,0.8278779519225913,43.042
2017-02-28,-5.927640333333312,0.0018541666666666665,81996.452160125,2.7883332500000004,0.11296129166666667,183.71798725,0.0,0.0005714166666666667,0.053851083333333334,0.0031398750000000003,183.40087216666666,0.8321921906645091,43.608
2017-03-01,-4.499024499999979,0.0016724166666666667,83070.700416125,-1.3349554166666666,0.22394341666666664,179.11411775,0.0,0.0,0.04811758333333333,0.0,203.02285554166667,0.8626188874501458,45.873
2017-03-02,-2.3510925416666466,0.0022537083333333333,83317.08351925,-1.2205208333333333,1.7841963749999998,181.7188206666667,0.0,0.0,0.03999079166666667,0.0,208.50878445833334,0.8937267588972819,45.873
2017-03-03,-0.3473121249999814,0.0019570833333333332,82773.43598866666,1.6139136666666667,2.4333481249999998,184.82447520833333,0.0,0.0,0.047059958333333325,0.0,199.57889025,0.8576234679289244,44.457
2017-03-04,1.109741083333356,0.0018667083333333333,81832.46178629166,4.054255791666667,5.326651666666667,199.086245375,0.0,0.0,0.10271108333333334,0.0,206.51522987500002,0.8626188782734396,43.325
2017-03-05,-1.0590684583333123,0.0028147083333333336,81171.12522100001,7.229359958333333,5.554583208333334,240.13925058333334,0.20902212500000003,16.886155583333334,0.10022479166666666,0.44194554166666666,159.1417515,0.7749718856448705,39.077
2017-03-06,-5.867475666666639,0.0019395416666666667,81930.42015445833,6.582127833333334,4.2206249583333335,221.27118520833335,0.06390845833333333,13.975845999999999,0.09346399999999999,0.09672279166666665,171.13382379166669,0.7147997432076475,35.962
2017-03-07,-2.3872069166666425,0.0027096250000000002,82717.276541625,3.4097767083333337,2.950520791666667,236.73667650000002,0.0,0.0,0.052989625000000005,0.010285708333333332,163.41093645833334,0.6491780505333273,32.564
2017-03-08,1.1688783333333548,0.003616791666666667,82984.81211633333,2.4306398750000002,1.8039135833333333,226.54434029166669,0.0,0.0,0.034391,0.017521416666666668,206.01813425,0.5955907713578317,31.148
2017-03-09,2.8104406250000245,0.0030364583333333333,83005.88441683333,1.5276934583333333,1.076949375,215.496542625,0.0,0.0,0.045667708333333334,0.0,211.49364733333334,0.655081717721241,41.909
2017-03-10,4.639294208333351,0.0033054166666666666,82921.03930658333,1.7388244166666667,1.41127975,241.20853608333334,0.0,0.0,0.05010616666666667,0.0,190.697092125,1.078330350416225,59.748
2017-03-11,5.04472595833336,0.0035719583333333332,82892.12888295834,0.38989570833333337,0.47624995833333333,233.08544154166668,0.0,0.0,0.051669625,0.0,211.405367375,1.2504454176033308,65.412
2017-03-12,5.677940125000025,0.003519416666666667,82932.79742120834,1.0165178333333333,0.10888404166666667,222.58752462500001,0.0,0.0,0.05944433333333333,0.0,220.83286758333335,1.2636151808336102,66.261
2017-03-13,6.098163916666684,0.0033476666666666668,83015.20664754167,-0.28800595833333337,1.8294939166666666,211.64331391666667,0.0,0.0,0.06468166666666667,0.0,227.23262366666665,1.2867757984008423,66.261
2017-03-14,7.693878041666682,0.003274833333333333,82885.37165175,1.7865772916666665,3.107247041666667,221.72698908333334,0.0,0.0,0.09170941666666665,0.0,225.61118979166667,1.2107090747901628,52.669
2017-03-15,8.127017250000009,0.003410083333333333,82771.08276358333,2.244121875,3.73764875,230.78502429166667,0.0,0.0,0.09447495833333334,0.0,209.73969270833334,0.6142100634128939,30.299
2017-03-16,7.337242875000012,0.003680625,82734.44689366667,2.8983927499999997,3.4081398333333333,239.013492125,0.0,0.0,0.1102135,0.0,218.27447016666667,0.5515402127445111,28.6
2017-03-17,7.791903708333351,0.0034575833333333333,82658.24559383333,1.950357125,2.484866041666667,239.87221183333335,0.0,0.0,0.11309941666666667,0.0,225.33788708333336,0.5494966245230702,28.6
2017-03-18,9.017662291666682,0.0033781249999999996,82344.02889,2.347619041666667,3.9066964166666662,244.15081270833332,0.0,0.008857125,0.13486595833333334,0.00039045833333333337,215.14136295833336,0.5513131473865733,28.6
2017-03-19,7.444346000000021,0.003930333333333333,82528.09751679166,1.4663540833333333,2.5882737083333334,256.485768125,0.0,0.020714291666666666,0.09489583333333333,0.0012375,200.72710841666665,0.5494966245230702,28.6
2017-03-20,8.881022541666688,0.003108875,82209.51313708334,1.1976784583333333,3.347648375,261.611125,0.0,0.0,0.14200570833333334,0.0,219.79818941666667,0.5485883630913186,28.6
2017-03-21,7.228746958333358,0.004464208333333333,81920.47277258334,2.5849552916666667,5.423511791666667,290.31414591666663,0.05837004166666667,1.264738125,0.12069529166666666,0.38347375,178.1477695,0.5460679379240982,28.6
2017-03-22,3.3475530416666928,0.0036537500000000003,81924.470447375,3.4946278750000004,3.0232142083333335,252.3522417083333,0.034989125,4.595047875,0.09489945833333334,0.27367733333333333,182.15083033333335,0.5467718402278154,28.6
2017-03-23,-1.1078317499999761,0.0031465,82268.57130070832,3.0012648333333334,-0.23462808333333332,206.85990620833334,0.004392541666666667,0.0032381249999999997,0.03366270833333333,0.019876458333333333,240.479210375,0.547680101659567,28.6
2017-03-24,2.226350000000021,0.0031588750000000002,82398.80472233334,3.330014875,5.072023708333333,244.23658641666668,0.0,0.0,0.07421083333333334,0.09251283333333334,186.34298349999997,0.5463177095119397,28.6
2017-03-25,3.4775831250000255,0.00414225,82384.92797858334,1.8183629583333334,1.4201189583333333,268.57154154166665,0.0,2.64642875,0.0839415,0.022192208333333335,201.35763079166668,0.547680101659567,28.6
2017-03-26,1.187124875000024,0.0029410416666666665,82194.69710283334,2.65389875,2.5692856666666666,247.3027624166667,0.0,0.11466662500000001,0.06188520833333333,5.266666666666666e-05,137.693513125,0.5492695591651323,28.6
2017-03-27,1.58836225000002,0.0037284999999999996,82214.38642804166,3.5673956666666666,0.31372016666666663,254.89432491666665,0.040458916666666664,10.01295275,0.06943208333333332,0.034305916666666665,165.97671979166668,0.39486872388571653,14.583
2017-03-28,-2.534870624999977,0.002593958333333333,82878.45384583333,-1.8147766250000001,-1.446458375,200.86669208333333,0.0,0.0,0.03463579166666667,9.104166666666667e-05,253.56583979166666,0.43572471025879617,28.6
2017-03-29,3.4583924583333534,0.003584,82955.56554591666,-0.3795685,0.26236604166666666,232.97076900000002,0.0,0.0,0.08400595833333334,0.0,237.12803208333332,0.5442287149484956,28.317
2017-03-30,5.084315458333358,0.004273375,82181.10348075,6.04526775,0.24659224999999999,273.63816429166667,0.08789025,21.378858166666664,0.110243625,0.238511375,165.05073104166667,0.5549007806537725,28.883
2017-03-31,-1.9893863333333102,0.00294875,82255.807314875,-2.012038625,-5.4297915,224.83057541666665,0.0015565416666666668,1.5447619583333332,0.07274733333333333,0.004955958333333333,253.26741070833336,0.5558544545453312,33.697
2017-04-01,-0.2513105833333101,0.003286833333333333,82702.35555016667,-2.913735125,-0.9151934166666668,207.80288241666665,0.0,0.0,0.02974370833333333,0.0,270.230515875,0.8889583848511351,47.289
2017-04-02,4.771265083333355,0.004303916666666667,82529.40172762501,-0.2454910416666667,-0.7466666666666667,234.14460816666667,0.0,1.6653333750000001,0.07591654166666667,0.0,267.57674779166666,1.000674236595825,55.784
2017-04-03,4.094867708333351,0.0034199583333333334,82353.13920670834,-0.4714880416666667,-2.3813689583333333,212.16444445833335,0.0,1.41466675,0.12217658333333332,0.0,276.27183141666666,1.1321447117736196,58.616
2017-04-04,1.979491541666693,0.0023253749999999998,82358.198649125,1.5814880416666668,0.45480649999999995,215.79795670833334,0.0,0.0,0.088846,0.0,247.66902320833333,1.1398649125311937,59.465
2017-04-05,6.4969930416666815,0.0036237500000000002,82511.999767375,0.7915625416666666,2.9845535,258.30994949999996,0.0,0.0,0.11455616666666667,0.0,245.3297075,1.1841425166195887,63.43
2017-04-06,7.319248125000024,0.003263875,81991.24977912499,2.6217112916666667,6.249776458333333,237.73011333333332,0.0,0.0,0.15193404166666666,0.020883666666666665,263.05903570833334,1.2740601536508307,67.394
2017-04-07,6.370713041666697,0.0049227916666666665,81350.435453875,5.4983332083333325,9.066859833333334,292.6254244583333,0.0,0.17609516666666666,0.16368254166666665,0.84569825,225.00378470833334,1.3315075270873094,69.942
2017-04-08,2.52863137500002,0.0036104999999999996,81579.77526279166,6.597693208333333,4.419776583333333,255.63197320833333,0.140059875,13.135857875,0.15727925,0.6221709583333334,224.74391570833333,1.3728332876403158,71.925
2017-04-09,-3.8681592083333154,0.002370416666666667,82380.44020883333,1.558497,0.7840029999999999,194.11551616666668,0.026313083333333334,0.024476208333333332,0.051674833333333337,0.008512625000000001,277.256661875,1.3923608533627378,72.208
2017-04-10,-1.0637957499999737,0.002389416666666667,82436.17481641666,2.4749850416666668,2.3327381666666667,197.39922175,0.0,0.0,0.04908454166666667,0.0,278.74384616666663,1.3982645465513188,73.057
2017-04-11,3.643517333333357,0.0031719583333333335,82182.151320625,2.054940541666667,3.232976166666667,267.4698900833333,0.0,0.0,0.10400508333333335,8.929166666666666e-05,236.56957054166665,1.4150673463318986,73.624
2017-04-12,5.129122583333348,0.0037637916666666666,82013.492710625,2.59078875,5.400848208333334,231.92899779166666,0.0,0.0,0.12698891666666667,0.00045683333333333323,279.279590875,1.4139320348367193,73.341
2017-04-13,5.164524208333351,0.0041041666666666666,81640.61636195834,5.05601175,5.022931375,264.9438192083333,0.0515435,8.93428625,0.12691908333333332,0.5658852083333333,195.10066129166668,1.4059847442499909,73.057
2017-04-14,-2.1478943333333187,0.0024609583333333332,82323.156994,2.9565476250000002,1.444702375,190.1364391666667,0.0045212916666666665,0.019428583333333336,0.088511875,0.03874045833333333,294.69782954166664,1.405530619651919,73.057
2017-04-15,1.1289690000000236,0.0026475,82530.90120433334,-1.531503,0.12352683333333332,205.59306070833335,0.0,0.0,0.10029908333333333,0.0,289.3706505833333,1.4075742109322622,73.057
2017-04-16,6.157675666666687,0.003462625,82095.48913,0.36025287500000003,3.026785625,250.89682474999998,0.0,0.01390475,0.12228875,0.0009821250000000001,235.58315983333333,1.4078012915847102,73.057
2017-04-17,7.503196583333353,0.00504,82053.87473258334,3.9352975000000003,5.347604041666667,304.89125825,0.0049095,8.738381416666666,0.11427583333333334,0.22553770833333334,170.06100191666667,1.4084824662462097,73.624
2017-04-18,6.0295657083333545,0.0057962916666666675,82268.02586725,1.63434525,1.4348958333333333,320.41814854166665,0.05520266666666667,1.7513334166666665,0.05265816666666667,0.419366375,138.91696491666667,1.4250581670209288,74.19
2017-04-19,3.71720195833335,0.0033123749999999998,82638.73800229166,1.75561,2.445982125,214.7142062083333,0.0154165,0.8581905000000001,0.10593995833333332,0.009372666666666666,293.96164500000003,1.4786454630203856,78.721
2017-04-20,3.9173960833333585,0.0034202083333333337,82701.01911266666,4.438883791666666,2.3323212916666667,223.617643625,0.0,0.068333375,0.15220416666666667,0.007875291666666668,299.2709669583333,1.5401800006641382,80.137
2017-04-21,3.705297625000025,0.00340025,82956.63892770834,-1.4818303333333336,-1.0639434583333334,223.5143105,0.0,0.0,0.11298679166666668,0.0,301.585776875,1.54040705684537,79.853
2017-04-22,8.179793791666683,0.00361525,82427.88180116667,0.20285720833333332,2.66903275,236.740723875,0.0,0.0,0.163769375,0.0,287.4690439583333,1.5528956301196397,81.552
2017-04-23,9.089889916666682,0.00329625,82033.86516475001,3.6268749583333335,1.7555803333333333,242.056453125,0.0,0.0,0.22642329166666667,0.0,298.552793625,1.582868153364772,82.119
2017-04-24,6.269420000000021,0.00376525,81913.26960104167,6.321205291666666,3.162752916666667,279.82054416666665,0.0,0.024619083333333333,0.17878091666666665,0.020025041666666663,190.53510408333332,1.5783268645594264,82.119
2017-04-25,4.243464833333354,0.0037643333333333335,82132.07569529167,3.719077291666667,-0.5459969583333334,255.77520225,0.0,0.010714291666666667,0.18762366666666666,0.00044849999999999995,240.95753520833333,1.598762697831404,84.101
2017-04-26,7.773148375000016,0.005437874999999999,82150.43724425,5.262261875,1.3871131666666667,307.7983567083333,0.0,5.248286041666667,0.127495,0.0111095,196.608807125,1.6325953291025785,84.667
2017-04-27,6.011380958333356,0.004725125,82192.97722520833,4.865342291666667,-0.6940179166666667,251.84148208333332,0.0,1.6445715416666669,0.158758875,0.007346416666666667,290.76063908333333,1.6285081710131086,84.667
2017-04-28,2.7008619166666956,0.0032549999999999996,82280.09870258333,0.007380875000000009,-3.6547767083333333,217.171066625,0.0,0.8653332499999999,0.15638370833333334,0.0,316.01103879166664,1.623739807673119,84.384
2017-04-29,1.6157115000000217,0.0026826666666666665,82764.1374745,-3.8807438750000003,-1.1107440416666667,201.6137305,0.0,0.0,0.14726958333333331,0.0,318.308175625,1.6219233153986365,84.384
2017-04-30,6.879745083333351,0.003271083333333333,82788.42754841667,-0.22657733333333333,-0.36813995833333335,230.49149791666665,0.0,0.0,0.14375237500000002,0.0,313.74561604166666,1.6130677694979607,83.251
2017-05-01,10.046131583333343,0.0042053333333333335,82838.28164529167,0.300119125,-2.7610416250000003,246.9846225,0.0,0.0,0.230917,0.0,320.31269341666666,1.6008062891117472,83.251
2017-05-02,12.429182041666671,0.00551675,82708.42831570834,-0.9831100833333334,-2.694047708333333,268.51206275,0.0,0.0,0.25773804166666664,0.0,314.410474125,1.61488431683268,84.101
2017-05-03,13.408243250000007,0.0063674583333333335,82849.53767904166,-3.103868875,-0.877797625,273.69104995833334,0.0,0.6015238333333334,0.23850691666666665,0.0,319.5540091666667,1.6157925537932154,83.818
2017-05-04,16.484663291666667,0.006234833333333333,82673.46635504167,-0.782797625,2.223854125,279.8239967083333,0.0,3.0547620416666668,0.26086025,0.0,320.01463458333336,1.6155655037297878,83.818
2017-05-05,16.76681579166667,0.005580708333333333,82191.047898,1.4688392916666666,3.0397469166666666,285.803699375,0.0,22.958667708333333,0.27101783333333335,0.0,303.12439508333335,1.6101159534926905,83.535
2017-05-06,11.721058666666671,0.005026291666666667,81548.50584783334,1.5175892916666667,0.4251784166666666,276.858029125,0.13738941666666668,18.004691333333334,0.20512958333333334,0.29193695833333333,239.474529,1.608526474574811,83.818
2017-05-07,6.331860333333354,0.005680666666666667,81697.94599841668,-2.548541625,-4.5362052083333335,295.44283575000003,0.06737495833333333,1.8361429166666667,0.11254950000000001,0.6966546666666668,267.5766077083333,1.611932439649369,83.535
2017-05-08,8.372130083333348,0.005274125,82290.832717125,-2.1500445833333335,-2.0614732083333336,249.71838720833333,0.0,0.035333375,0.1436925,0.0008210833333333334,330.3508551666667,1.6060287648142004,83.535
2017-05-09,9.755223291666683,0.0038064999999999996,82292.7978515,-1.8547767916666666,-1.260684625,235.36831299999997,0.0,0.0,0.163800625,0.0,333.7948794166667,1.611251271105674,83.818
2017-05-10,14.416950875000014,0.005018666666666667,82255.54575895834,1.7294047499999998,0.067425625,262.464280125,0.0,2.6540000833333335,0.266182,0.0,327.930967875,1.6092076614719186,83.818
2017-05-11,15.192650583333338,0.0053345,82509.19072025,3.3911756250000002,2.58553575,263.50798541666666,0.0,9.245428958333333,0.318973,3.5833333333333335e-06,329.37864641666664,1.61079712815419,83.535
2017-05-12,10.327756291666676,0.00452275,82200.24040883333,5.205848083333334,3.8680504583333337,250.30343166666668,0.0,5.205571666666667,0.25897437500000003,0.0,322.4497887083333,1.6069370323637562,83.535
2017-05-13,2.765815750000018,0.00308075,82196.79356166667,3.2870534583333337,-0.20866062500000002,208.91745045833332,0.0,0.23066670833333333,0.17165966666666665,0.0,342.1490870833333,1.6082994245113833,83.535
2017-05-14,4.4980357083333615,0.002848083333333333,81933.50935870832,0.18663695833333338,-0.9664880833333332,218.16298600000002,0.0072394166666666674,3.6128572916666664,0.15778825,0.0,340.83934375,1.6067099823003284,83.535
2017-05-15,4.4185405000000175,0.0035759999999999998,81727.101841625,1.4395237916666668,-2.0982588333333334,227.124414625,0.054773125,7.739809999999999,0.13642212499999998,0.00034737500000000003,333.62058145833333,1.6082994306291873,83.535
2017-05-16,5.287662250000018,0.0035855,81926.31093054167,4.381071250000001,0.6745535833333332,266.497746875,0.030975875,0.0338095,0.11734941666666666,0.0027815833333333334,203.29369991666667,1.607618237614276,83.535
2017-05-17,4.344209875000019,0.0042564583333333334,82065.26708991667,4.713526666666667,-0.9623511250000001,250.34453304166666,0.006367666666666667,1.888143125,0.14115341666666667,0.036018208333333336,322.3470273333333,1.487728046748881,71.075
2017-05-18,4.39560204166669,0.00346425,82426.47029616666,-0.3052082916666667,-2.8885862083333333,221.9464984583333,0.0014880833333333334,0.0,0.13600941666666666,2.4166666666666667e-06,345.1995700416667,1.2631610348232243,65.695
2017-05-19,6.831101875000015,0.00335575,82651.35936333334,-1.6166964583333332,0.4714582916666667,225.90624520833333,0.0,0.0,0.14823491666666666,0.0,346.3378525416667,1.2627069102251525,65.695
2017-05-20,12.629717625000012,0.004408458333333334,82591.22355145833,0.9658184166666667,0.2373957916666667,256.6105596666667,0.0,0.016857125,0.217369625,0.0,341.497016625,1.260663288355789,65.412
2017-05-21,14.761791333333335,0.005129166666666666,82620.21675041667,0.24491070833333337,-0.6638987916666667,267.25286654166666,0.0,0.0338095,0.2705405,0.0,340.43913533333335,1.2604362382923613,65.412
2017-05-22,16.16682875,0.005406541666666667,82923.43079195834,-3.1199850833333334,-0.2960864166666667,270.50084175,0.0,0.0,0.32531712500000004,0.0,341.8257873333334,1.261344505841917,65.412
2017-05-23,18.551504916666666,0.005378875000000001,82861.07171916666,-1.6651487500000002,0.5723214166666667,279.3617200416667,0.0,0.0,0.33637629166666666,0.0,340.348823125,1.2627068979895444,65.695
2017-05-24,18.586473500000004,0.005260541666666667,82270.7790295,4.009538500000001,1.52651775,279.34710691666663,0.0,0.869142875,0.35931704166666667,0.0,326.6556885,1.2627068918717403,65.695
2017-05-25,14.55147675,0.004333208333333334,81658.221377375,4.677738000000001,1.6910413333333334,251.174994375,0.0,0.009523833333333334,0.35606033333333337,0.0,349.7414443333333,1.2611174190716647,65.695
2017-05-26,12.263983750000003,0.004339875,81910.96385554168,3.311666583333333,-0.07711308333333333,247.17481579166667,0.0,0.0,0.30027845833333333,0.0,347.7017401666667,1.2640692717837594,65.695
2017-05-27,12.772616333333344,0.004732375,82609.51485775,-2.9753124166666667,-0.9142410833333333,256.67158654166667,0.0,0.0060952083333333336,0.30588862499999997,0.0,347.3861679583333,1.266794056079014,65.978
2017-05-28,15.030994250000001,0.004384125,82832.71358820832,-2.7320685,0.09410708333333334,257.62094683333333,0.0,0.012380916666666665,0.30884616666666664,0.0,349.42841791666666,1.2699729649723406,65.978
2017-05-29,18.369926166666666,0.003952375,82641.25435954166,-1.1546726250000001,0.4874404583333334,268.38301470833335,0.0,0.2623809166666667,0.34799766666666665,1.3083333333333336e-05,337.318069875,1.271335369355576,66.261
2017-05-30,18.20811225,0.0042755,82529.53286583333,0.4661755,2.4226934583333333,283.044666125,0.00038779166666666666,2.4689524583333333,0.34430791666666666,0.005855333333333333,328.7578315416667,1.2574844222870911,63.146
2017-05-31,16.25172479166667,0.005027625,82106.85135316667,2.3755208333333333,2.2767559166666667,307.44392208333335,0.0,0.9636191666666667,0.29974429166666666,0.0,246.215360125,1.1709727595071133,60.881
2017-06-01,12.711339791666676,0.0054585833333333335,82173.56890583334,1.9196280416666667,-0.03904758333333334,266.17335720833336,0.0,0.0,0.25472,0.0,337.06112479166666,1.0479036903374126,43.891
2017-06-02,16.68019754166667,0.0058959166666666665,82474.87187266667,-0.45568441666666665,0.36639879166666667,278.14663045833333,0.0,0.0,0.3285168333333333,0.0,339.91151591666664,0.6420709057475419,34.263
2017-06-03,19.92518016666667,0.004732416666666667,82369.43560499999,1.4396725416666667,2.03790175,280.07213633333333,0.0,0.0,0.3528525,0.0,321.01775304166665,0.6482697615714573,33.697
2017-06-04,18.522914916666668,0.004923625,82263.79860720833,3.4940475833333333,2.4073958333333336,277.45798504166663,0.0,0.0,0.385037125,0.0,338.91711175,0.6498592190770225,33.98
2017-06-05,15.978221583333337,0.0046242083333333335,82404.611769875,0.46593749999999995,0.39096725000000004,260.15368458333336,0.0,0.0,0.367053125,0.0,343.42257620833334,0.6528110687302151,33.98
2017-06-06,19.023987791666666,0.004584375,82350.75988191667,1.028363125,0.76933025,273.75320795833335,0.0,0.0,0.36520054166666666,0.0,343.00404687500003,0.6155951617904248,23.418
2017-06-07,19.13376525,0.004239916666666667,82230.01546225,2.819881,1.972321375,268.2874190833333,0.0,0.0,0.3910099166666667,0.0,341.88020075000003,0.17178353994186013,14.81
2017-06-08,16.17894554166667,0.004835375,82136.33537945834,4.247871916666667,4.354374833333334,306.2858112916667,0.0,0.2980953333333333,0.31302125,0.004333,209.06732483333334,0.519342436144199,27.071
2017-06-09,11.378528916666681,0.005806833333333333,82025.47006375,3.95215775,3.7128869583333333,276.30810454166664,0.0,0.930952375,0.24237820833333334,0.04948275,321.1131310416667,0.5222942812090385,27.212
2017-06-10,10.002405500000014,0.0040302083333333336,81873.770972875,4.1933481666666665,2.871666625,242.400232375,0.0,0.0,0.25864808333333333,0.0016916666666666666,348.12178450000005,0.5260181457378551,27.382
2017-06-11,7.349241666666689,0.0035644166666666667,81705.15572675,3.7762647916666663,1.0138541666666667,235.38817929166666,0.19600504166666666,16.196953125,0.2122000416666667,0.0166985,329.8468368333333,0.5275167737354529,27.439
2017-06-12,4.613112583333357,0.0038995833333333335,81994.76526466667,7.093601083333334,1.0073065416666667,276.81688333333335,0.015796125,0.386761875,0.17593145833333335,0.08513479166666667,260.02829825,0.5291516406419233,27.496
2017-06-13,6.4327347916666815,0.004458208333333333,82625.4511835,1.4150149583333331,-0.6088243333333333,245.14737566666668,0.0,0.003333375,0.15059045833333332,0.0003654583333333333,346.37425487499996,0.5358273425883242,30.016
2017-06-14,14.504761666666672,0.005737374999999999,82535.36788508332,-0.4624701666666667,-0.16729162499999997,271.37316404166666,0.0,0.0,0.28201475000000004,0.0,345.091964125,0.7025382291735114,39.077
2017-06-15,17.073510833333334,0.0049087083333333335,82630.99895366667,2.57046125,0.6879613333333333,269.8714964166667,0.0,0.0,0.3415937916666667,0.0,341.61958195833336,0.8029008543164843,45.873
2017-06-16,19.633597125000005,0.006990791666666667,82817.61585045833,0.7499404166666667,-0.7374851666666666,304.99880295833333,0.0,0.0,0.3465544583333333,0.0,337.7323285,1.0254242963741125,54.935
2017-06-17,20.881412125000004,0.008100916666666668,82697.12690658333,1.7631101249999999,-1.2210714166666667,313.44499287499997,0.0,19.54362,0.35792241666666663,0.0,335.86095625,1.0855964510469436,56.35
2017-06-18,21.74726716666667,0.009207041666666667,82796.864525125,-3.4530059166666667,-1.8517262083333332,326.370544125,0.008928583333333334,126.20962508333332,0.376071375,0.0051214166666666665,334.0430361666667,1.084688192674094,56.35
2017-06-19,23.617384208333345,0.008974833333333333,82664.95775204166,-2.752574291666667,-0.1700595,335.82426391666667,0.049347499999999996,360.30811266666666,0.36795812499999997,0.0023729999999999997,318.5724969583333,1.0849350055056803,56.35
2017-06-20,25.66473125,0.007133166666666666,82660.95415979167,0.474761875,0.5603572083333334,319.15521658333336,0.025696833333333335,148.924197625,0.3868582916666667,0.002989875,339.39817066666666,1.0858235133459793,56.35
2017-06-21,23.97196595833333,0.007923875,82386.88228941667,0.19440483333333328,-2.024300541666667,325.62936770833335,0.012618125,240.47772616666666,0.37703533333333333,0.002898833333333333,307.773586,1.0871858840812925,56.35
2017-06-22,21.966891750000002,0.007728416666666667,82523.52294920833,-3.2457290000000003,-2.6197024166666667,320.170022,0.10005625,55.17362179166667,0.3960182083333333,0.056429208333333335,332.15103941666666,1.1914085744256788,69.093
2017-06-23,21.600340708333334,0.006627750000000001,82734.59515670834,-2.6927230833333335,-1.0564285833333333,301.972106125,0.0,30.725239625,0.38972395833333334,0.0,342.9190879166667,1.4772830953439746,75.606
2017-06-24,22.939565791666666,0.006533708333333333,82912.30013029167,-2.0422172916666668,-1.2320535416666667,310.7193085833333,0.0029059166666666665,27.755620291666663,0.39131849999999996,4.345833333333334e-05,337.495212375,1.431416003160994,74.19
2017-06-25,24.108984500000002,0.00593475,82872.41271399999,-0.50366075,-0.3904612916666667,314.89712133333336,0.04345016666666667,43.482764,0.3839092083333333,0.0005154583333333334,325.75849783333337,1.4305077539648507,74.19
2017-06-26,22.917672166666673,0.006636291666666666,82736.49265245833,3.155,1.284806625,307.41360891666665,0.04049241666666666,73.44476545833332,0.40840783333333336,0.009263083333333333,342.4108914583333,1.3873654491360263,67.394
2017-06-27,19.066945208333333,0.004808208333333334,82608.13788133334,2.714226125,1.685639875,271.4529556666667,0.0,0.0,0.4000022916666666,0.0,347.7565573333333,1.1280575383896396,56.35
2017-06-28,18.688541875000002,0.004554458333333333,82437.44061566667,3.2235267083333334,-0.22235125,268.759637,0.0,0.0,0.3902724166666667,0.0,348.13884333333334,1.0488119517691643,35.962
2017-06-29,19.204252,0.005541708333333333,82555.9479865,0.9916816666666666,-0.95559525,285.77785066666667,0.0,0.0,0.36790645833333335,0.0,344.51367116666665,0.2637969859099934,27.496
2017-06-30,21.007452791666665,0.00558275,82655.66312083333,-1.2043304166666666,-1.2532589166666666,291.34608,0.0,14.352667458333334,0.37841620833333334,0.0,344.4171352083333,0.8308298260470002,45.024
2017-07-01,23.116008458333337,0.005956541666666666,82399.07807845833,0.8601636249999999,0.35287195833333335,301.3805439166667,0.0,76.112956125,0.380402875,0.0,345.77675462499997,0.9214286530342517,47.006
2017-07-02,22.316222,0.0055908749999999995,82469.59845841666,1.1435267916666667,-0.43247025,295.665664,0.0,0.0,0.395093375,0.0,344.7563849583333,0.8019926020614389,39.36
2017-07-03,23.902069666666666,0.006298916666666667,82709.284179625,1.3384524583333333,-0.4741369583333333,311.49073737500004,0.0,0.27171429166666666,0.40460066666666666,0.0,341.886552625,0.6524023596508527,30.582
2017-07-04,23.568981166666664,0.006469291666666666,82769.11128166667,2.181264833333333,0.6518155,309.36481466666663,0.0,2.4599049583333334,0.39723675,0.0,342.29956358333334,0.5426165718606155,28.6
2017-07-05,22.81584854166667,0.004935833333333333,82862.04559620834,2.392559541666667,1.9031695833333335,294.00478525,0.0,5.401047875,0.41381825,0.0,340.49990870833335,0.5647099667980845,29.449
2017-07-06,23.241740875000005,0.006888249999999999,83141.622047,0.6179612916666667,0.3932292083333333,322.3927747083333,0.09070695833333332,77.34514654166667,0.38621408333333335,0.011027374999999999,324.7360512083333,0.5699324532066948,29.733
2017-07-07,24.855815958333334,0.006877541666666667,83086.52496041667,-0.61247025,-0.848794625,327.23191237500004,0.05348541666666667,13.584953041666667,0.40212787499999997,0.0062345000000000005,330.610051,0.5871893577024827,31.715
2017-07-08,25.697799583333335,0.006589500000000001,82865.91131891667,-0.41465779166666666,0.25226191666666664,328.25020133333334,0.0,71.23343191666667,0.4071430833333333,0.0,322.1571994166667,0.6448637812023889,33.414
2017-07-09,25.492592208333335,0.006741625,82728.92955970833,2.2038243333333334,1.910997,324.59749258333335,0.0,87.72152791666667,0.4223500416666666,0.0,335.63791491666666,0.6264715514463625,31.715
2017-07-10,23.995025916666666,0.005910291666666667,82638.85958420833,2.915669583333333,2.27959825,308.5951710416667,0.0,0.10999995833333333,0.42376062500000006,0.0,339.11804524999997,0.5832838601583987,29.733
2017-07-11,22.214715833333333,0.004736875,82541.49538458334,2.5803570833333334,2.0609969583333334,287.48636220833333,0.0,0.0015237916666666666,0.42008070833333333,0.0,342.85576675,0.5475892752105017,27.949
2017-07-12,22.201549666666665,0.005067625,82613.149309375,2.6487053333333335,1.2073065416666668,292.69716545833336,0.0,0.015333333333333332,0.412608125,0.0,340.93527945833335,0.528992680208637,27.439
2017-07-13,23.362174166666673,0.005503416666666667,82781.94755633334,2.1820535,1.4853868749999999,306.80414483333334,0.0,0.22428575000000003,0.41303566666666663,0.0,336.83398058333336,0.527062638431224,27.496
2017-07-14,23.69239625,0.005636416666666667,82911.28470291667,1.20327375,0.6796428333333333,312.369620875,0.0,6.166190708333333,0.4160749166666667,0.0,334.3277654583333,0.5491560280156144,29.449
2017-07-15,24.541976500000004,0.0057051666666666665,82928.20279941667,2.4723362916666667,0.933616125,310.66212087499997,0.0,17.32333425,0.41594929166666667,0.0,335.994873375,0.5846916724130884,30.299
2017-07-16,24.29605725,0.005328833333333334,82864.00363891666,1.2632291249999998,-0.16764883333333333,311.2390854166667,0.0,15.415810166666667,0.4214283333333333,0.0,333.155456,0.581512766578664,30.299
2017-07-17,22.496566750000003,0.004742791666666667,82592.65123925,4.000223083333333,1.6989582083333332,290.55823745833334,0.0,0.19799999999999998,0.43444974999999997,0.0,337.681111625,0.5785609153960204,30.299
2017-07-18,20.861458583333334,0.0047144583333333335,82678.32410254166,2.3695386666666667,2.8856398750000003,280.91359479166664,0.0,0.0,0.41112387499999997,0.002342875,339.11445633333335,0.58355634715285,30.299
2017-07-19,20.928884,0.0038098750000000003,82742.99495445834,1.7204464166666666,1.8585565416666665,271.12808958333335,0.0,0.0,0.3961294583333333,0.0,340.62355283333335,0.5801503713721347,30.016
2017-07-20,21.363761791666672,0.0035147916666666665,82682.79009720833,2.243883875,0.5506995416666667,268.5434017083333,0.0,0.0,0.39821779166666665,0.0,344.2850642916667,0.5790150476413471,30.016
2017-07-21,21.126843583333336,0.004039541666666666,82658.115676125,1.1035415416666667,-1.043854125,280.21828270833333,0.0,0.0,0.39410354166666667,0.0,338.081543125,0.5774028869647804,29.166
2017-07-22,23.063214333333335,0.004714125,82631.48768841666,-0.7640328333333333,-1.4303125,301.5272552083333,0.0,0.14095233333333335,0.40712670833333336,0.0,331.51805441666664,0.5213860182478359,26.051
2017-07-23,25.403366375000008,0.005601416666666667,82492.90213445833,-0.3855802916666667,-0.33319933333333335,321.68634675,0.0,61.47352683333333,0.40117391666666663,0.0,319.78867008333333,0.48126366646740504,25.117
2017-07-24,25.035668166666667,0.0063925,82351.85842175,1.0845832916666667,0.5726042083333334,331.9423591666667,0.057222875000000006,160.63076954166667,0.39629220833333334,0.0049387499999999996,298.60091654166666,0.4862363965826841,25.315
2017-07-25,23.050729291666666,0.007585458333333333,82470.56110483334,1.2345981666666666,0.618139875,334.75508175,0.18029945833333336,217.56191541666666,0.361097875,0.03929883333333333,287.74551966666667,0.4825125381716717,24.834
2017-07-26,22.347383041666664,0.007437333333333333,82756.267938625,1.8251488333333334,0.8990029166666668,326.022998875,0.11258975,113.65686241666667,0.3672265833333333,0.025617291666666667,305.7427112916667,0.4751329278037493,24.522
2017-07-27,20.793270583333335,0.006089333333333333,82846.09708658334,1.8297024166666667,0.5278274583333333,295.02241904166664,0.010416666666666666,4.632666875,0.3782762083333333,4.466666666666667e-05,328.33389904166665,0.4732710062454983,25.174
2017-07-28,23.76628079166667,0.005838333333333333,82693.87802258333,0.008348250000000002,-0.076785625,307.679874,0.005952375,38.228097,0.37001649999999997,0.0,324.92285499999997,0.5100554825815122,27.581
2017-07-29,23.94623516666667,0.006260208333333333,82698.00466191667,1.148764875,0.156994125,321.01467929166665,0.13399983333333335,164.31467479166668,0.37175025,0.028894708333333335,295.334862,0.5551732584715176,28.883
2017-07-30,24.044257125,0.005955333333333333,83020.21814541666,-0.649538625,-1.300997,322.41252208333333,0.11003287499999999,25.026953541666668,0.38491070833333335,0.03349345833333333,305.90289566666667,0.5524484741762629,28.6
2017-07-31,24.88649829166667,0.006313333333333333,83072.26815945834,-2.970833416666667,-0.28645829166666664,326.7787725416667,0.038479458333333334,21.914381875,0.39975045833333334,0.006673875,312.76990479166665,0.5497236898810081,28.6
2017-08-01,26.43455808333334,0.0059178749999999995,82940.90309945833,-1.3261904166666667,-1.0968005416666666,328.0689508333333,0.01849416666666667,18.068858000000002,0.39365554166666666,0.0055095000000000005,304.70852675,0.5437064731901641,27.779
2017-08-02,27.151398833333342,0.005698875,82840.61850120833,-0.13334829166666667,-1.0188839583333333,336.473906375,0.055964708333333335,38.771144625,0.39988091666666664,0.003441666666666667,294.6839602083333,0.5231344193627262,27.212
2017-08-03,26.741206833333333,0.006440708333333333,82852.68738375,2.0781994166666666,-1.2101488333333335,350.7245905,0.05499725,115.45371945833334,0.39202787499999997,0.025168458333333334,269.824058125,0.5178210957988935,26.561
2017-08-04,25.924212541666673,0.007779708333333333,82731.25077895833,3.7641517083333333,-1.5458037083333334,359.46153941666665,0.10300854166666668,156.89991208333333,0.4053621666666667,0.019314,274.35375395833336,0.5055596031770718,26.25
2017-08-05,23.30247770833333,0.007396708333333334,82667.47745766667,2.380952291666667,-1.73416675,342.1558105,0.060593125000000005,30.258001333333336,0.34441137499999996,0.021373208333333334,216.73559708333335,0.5058774949840751,26.391
2017-08-06,21.06562341666667,0.008171416666666667,82569.50349945833,-1.6252380833333333,0.5408482083333334,339.92798316666665,0.33102112499999997,108.90152916666666,0.30796962499999997,0.3123874583333333,255.20420825,0.5088293385194635,26.476
2017-08-07,20.769195125,0.007117416666666667,82576.33952979166,0.6217708333333333,-0.421413625,321.2173443333333,0.11572425000000001,51.924668958333335,0.32564316666666665,0.016438125,271.0690132916667,0.5090109868292412,26.476
2017-08-08,21.43270516666667,0.007267458333333333,82678.06605741667,-0.12217258333333336,-0.40288687500000003,319.92636216666665,0.125699625,48.536573833333335,0.3411881666666667,0.03451666666666666,291.605228125,0.5057866608877545,26.108
2017-08-09,22.295308291666668,0.007312083333333334,82511.94412666667,0.11900308333333336,-0.29223220833333335,321.52378745833335,0.085303125,260.28744083333333,0.3346155416666667,0.014947624999999999,279.0473945833333,0.5014270234510887,26.08
2017-08-10,21.660755833333337,0.006440458333333334,82574.80258325,0.8306697083333333,-0.2996874583333333,309.4570161666667,0.049878874999999996,50.134002458333335,0.34839945833333336,0.0033333333333333335,298.85609116666666,0.5024715253211638,26.136
2017-08-11,21.766395458333335,0.006719375,82641.04498008333,2.123407708333333,-0.22354166666666667,310.5663474583333,0.0,26.664382125,0.3588067916666667,0.0,300.28594275,0.5036068475225002,26.165
2017-08-12,21.234821375,0.0058235,82612.95445033333,2.869136875,1.1812202083333334,290.04227025,0.0,2.12885725,0.36956445833333335,0.0,304.816074375,0.48137721291143326,24.013
2017-08-13,20.890907958333333,0.005242208333333334,82536.32768325,3.12686,1.1054315,293.7473299166667,0.0,0.0,0.3721822083333333,0.0,299.031466625,0.44902048658399174,23.333
2017-08-14,19.646247541666675,0.005048916666666667,82279.370396125,2.8066220000000004,0.8750297499999999,303.80639191666666,0.0,0.0,0.3502085,0.0,263.06835766666666,0.44275351054091455,22.738
2017-08-15,19.457569625000005,0.006583583333333334,82148.07974108333,-1.1445237916666666,-0.9773660416666666,309.58441245833336,0.0,0.7435238333333333,0.3346799166666667,0.0,290.98115045833333,0.4334438492188732,22.512
2017-08-16,21.759655250000005,0.006365666666666666,82433.17023575,-2.613348125,-1.4302679166666667,342.3845616666667,0.03816933333333333,6.673809875,0.35369524999999996,0.002056,250.11255329166667,0.4234757034060003,22.229
2017-08-17,21.720952999999998,0.0058815000000000004,82828.06262791668,-1.6412350833333333,-1.4551191250000002,310.61997825,0.026296583333333335,4.677619333333333,0.349175,0.0007845,290.83397220833336,0.4345791714202096,22.625
2017-08-18,22.597273750000003,0.005226041666666667,82906.57210283334,-1.3370387916666668,-1.3526190833333331,307.91846054166666,0.019732875,1.5409524583333336,0.3611780416666667,0.012597625000000001,289.20534058333334,0.4359642636799364,22.625
2017-08-19,23.37924462500001,0.0053055,82756.52292604167,-0.5660714583333334,-0.7308184583333333,320.7018077083333,0.10157845833333333,26.139620250000004,0.33002570833333333,0.022486916666666665,232.8408329166667,0.43310325882922146,22.484
2017-08-20,22.67057095833334,0.006061875,82574.55038595833,-1.2489880833333333,-0.7980804166666666,328.440528375,0.11061495833333335,33.952477583333334,0.326167625,0.019149625,259.713143625,0.4436617520898028,23.758
2017-08-21,22.49479029166667,0.005517333333333333,82608.21546004167,-2.110877916666667,-1.3241070833333335,316.6013173333333,0.03916133333333333,22.466667708333333,0.35122275000000003,0.006983333333333334,272.9674777916667,0.4702510440203989,24.437
2017-08-22,21.645376875,0.005927124999999999,82843.46913370833,-1.5259375000000002,1.071071375,331.2333854583333,0.13625704166666666,13.6839055,0.3118715,0.12487025,224.29921370833335,0.4548787566066086,22.937
2017-08-23,21.003406166666668,0.006482291666666667,82805.154785125,-0.49367554166666666,-0.47678570833333334,317.480245625,0.10967366666666667,24.440191625,0.327680625,0.046920875,277.56746516666664,0.43101425203016913,22.285
2017-08-24,21.495772916666667,0.006312541666666667,82613.954438625,0.9491070416666667,0.28977674999999997,309.3932223333333,0.0,16.787238958333333,0.33559374999999997,0.0,282.81104941666666,0.42756287908415685,22.597
2017-08-25,22.07211,0.006240125,82411.50412712501,1.0281845,1.3098957916666667,313.39914491666667,0.0,3.027619208333333,0.33460137500000003,0.0,279.3045793333333,0.45828472474006876,24.041
2017-08-26,23.276337750000007,0.006639791666666666,82738.22869004167,0.07776775000000001,-0.167261875,320.49783537499997,0.0,4.520571625,0.339641625,0.0,277.7586680416667,0.46341638928796675,24.183
2017-08-27,24.665070166666666,0.0056256249999999995,83015.11943125,-0.283482125,-1.2321429166666666,323.48784920833333,0.0,3.900381,0.35822620833333335,0.00020120833333333332,275.0915484166667,0.46673152638400855,24.239
2017-08-28,25.513976416666665,0.005317166666666667,82857.97087758333,0.188735,1.8151785,326.591748,0.0,2.812095375,0.37195625,0.0,275.98623895833333,0.4667542509673244,24.183
2017-08-29,24.236828958333344,0.005691625,82811.920572875,0.7573215000000001,2.196071416666667,323.0047548333333,0.054901458333333326,18.307810375,0.34969674999999995,0.001372625,245.51317783333332,0.4731347535715665,24.947
2017-08-30,23.963867041666663,0.006015875,82631.44266179168,0.480952375,4.000014833333333,333.8621800833333,0.032364875,20.90676291666667,0.36588008333333333,0.0043595,255.49129745833332,0.492526088032371,26.051
2017-08-31,22.005731,0.005199041666666667,82589.972261,0.5685565416666667,1.9118748749999999,297.0405886666667,0.0,2.2458095416666666,0.33906804166666665,0.0,273.444536875,0.5119401241347262,26.561
2017-09-01,22.399610374999998,0.004765458333333333,82826.21648295833,-2.2898808333333336,-1.335044625,299.71408579166666,0.0,0.0,0.342531125,0.0,272.7713641666667,0.5032208324374331,25.74
2017-09-02,23.97924125,0.005031166666666667,82898.60049295833,-2.596502875,-0.33632445833333335,307.8618984583333,0.0,0.0,0.34039616666666667,0.0,270.3838040416667,0.4750421135902922,24.098
2017-09-03,25.129181250000002,0.004678666666666667,83024.06945220834,-0.9050149583333335,-0.18808033333333332,315.5124481666667,0.0,16.59761975,0.3092570416666667,0.0,225.99714795833333,0.4452285110127196,22.455
2017-09-04,24.746723,0.00563025,82821.64761195834,-2.690907708333333,1.266875,330.80337000000003,0.0,5.069619333333333,0.3156549583333333,8.9875e-05,218.94839100000002,0.4205011528759827,21.832
2017-09-05,24.035699124999997,0.006261875,82799.08324033333,-4.286249916666667,0.5581993749999999,329.88749279166666,0.07495104166666666,2.440762041666667,0.34344404166666664,0.04315654166666666,210.65017075,0.4181396912009507,21.691
2017-09-06,22.614836083333334,0.00641,82866.31888254166,-3.817380875,1.7507587916666667,325.05405566666667,0.12296529166666666,19.755715249999998,0.32361008333333335,0.022816666666666666,228.53417733333333,0.4311277923563932,23.022
2017-09-07,21.142965000000007,0.006628916666666666,82514.95538041666,-0.7702380416666667,3.0367707083333335,318.0502609166667,0.13074045833333334,30.01790625,0.32994629166666667,0.013422666666666666,251.1697826666667,0.45953358879708023,24.324
2017-09-08,18.71150495833334,0.004940875,82477.08808829167,0.38846716666666664,0.909419625,296.51683825,0.07764941666666667,15.679238875000001,0.29528754166666665,0.018171125,235.2993209166667,0.47009210499942694,24.069
2017-09-09,18.779756833333334,0.005882791666666667,82547.96557616667,-0.2900300833333333,-0.581458375,305.886288125,0.25777216666666664,29.557144249999997,0.2862941666666667,0.041483625,251.65269975,0.45651363421923613,23.729
2017-09-10,19.44007158333334,0.0050813333333333335,82916.80245533334,-2.1134375833333334,-1.5004761666666668,295.23210629166664,0.022864583333333337,0.36447620833333333,0.30222991666666665,0.0021172916666666666,253.00195895833335,0.4563092735617507,23.729
2017-09-11,21.26888025,0.006078083333333334,82872.906935875,-3.6173813750000003,0.07986604166666668,311.46477,0.1255385,2.335428708333333,0.304342875,0.015304791666666664,235.66246341666667,0.4481122327994953,22.993
2017-09-12,22.251903708333334,0.006796083333333334,82685.96701783333,-2.092842458333333,0.04209816666666668,339.72761125,0.38151208333333336,61.31009829166666,0.28553391666666667,0.0781915,206.91446525,0.4298108126685731,21.861
2017-09-13,20.2870455,0.006506166666666667,82384.617141,-0.6718303333333333,-1.357738125,320.2867483333333,0.29466454166666667,47.79962141666667,0.277304875,0.20477041666666665,222.18062070833332,0.4258144733809135,22.625
2017-09-14,18.113424625000007,0.006382333333333334,82176.02314691666,2.7763242916666666,0.15032733333333334,303.43789504166665,0.08442091666666666,34.98704933333334,0.26063516666666664,0.04262970833333333,209.26968804166668,0.44259456234323635,22.993
2017-09-15,13.639682833333339,0.005959375,82273.70887966666,1.7542708333333332,-1.0487499583333333,272.433788375,0.0,5.878571666666667,0.24480933333333332,0.0,246.663541625,0.4352603659645722,22.2
2017-09-16,12.162541583333342,0.004071708333333333,82548.303943375,-2.430327333333333,-0.00037212500000000093,256.08814854166667,0.0,0.0,0.24374983333333333,0.0,233.67429337500002,0.40521970108796374,20.331
2017-09-17,14.977144875000013,0.004016291666666667,82341.02119370834,2.156145875,1.4943154166666668,263.9007081666667,0.0,0.0,0.2518004166666667,0.0,245.604538625,0.38028798382319257,19.765
2017-09-18,14.622771125000005,0.0032605,82288.70596175,4.531369,2.6389285416666666,258.61194370833334,0.0,0.055047624999999996,0.28504225,0.0,240.57811666666666,0.37985656086667147,19.737
2017-09-19,12.923331666666677,0.005448875,82151.31436016667,6.282485,2.8103569166666666,269.50829804166665,0.0,0.28514283333333335,0.24874120833333335,0.0,234.640601125,0.3985212990294633,21.549
2017-09-20,11.968667958333342,0.004944708333333333,82152.84356404167,4.604955166666667,1.8897321666666667,268.39212200000003,0.0,1.8838096249999998,0.21678179166666667,0.0,232.52193316666668,0.42533763796458507,22.087
2017-09-21,8.598335083333355,0.004855041666666666,81714.55934945833,4.696592125,0.8114582916666667,288.994457875,0.20744183333333333,15.594286416666668,0.221341625,0.42320120833333336,203.16755141666667,0.42533764561184023,22.115
2017-09-22,5.314063500000019,0.003537041666666667,81981.94358037501,2.0457886666666667,-0.7903421666666667,289.03749304166666,0.04895270833333334,16.173238833333333,0.12247025,0.023391666666666668,128.94302991666666,0.4264956679252761,22.2
2017-09-23,4.88886791666669,0.0031836666666666667,82261.38482383333,-2.3066219166666664,-2.049613125,238.51887870833332,0.0,0.8886667083333334,0.13569883333333332,0.001046125,233.964701625,0.40898897807658746,20.388
2017-09-24,5.327841125000016,0.0029392083333333336,82472.57810170834,-2.339702375,-1.269881,220.0667362083333,0.0,0.0,0.13396695833333333,0.0,234.64174904166666,0.3799246963803434,19.765
2017-09-25,7.798811583333349,0.0031855833333333332,82600.52708795834,-2.164955208333333,-0.6916517916666667,236.178744875,0.0,0.0,0.146132125,0.0,222.18723075,0.38199098165498196,19.878
2017-09-26,9.999876125000009,0.0038445833333333335,82588.24905829167,-3.385595125,-1.7146130416666667,246.33486054166667,0.0,0.0,0.17747058333333335,0.0010862916666666666,226.67217770833335,0.351064762341251,16.679
2017-09-27,11.116504625000012,0.003953791666666667,82720.495930875,-3.2601339166666663,-0.5255505416666667,244.91393808333336,0.0,0.0,0.2063684583333333,6.9625e-05,226.97343320833332,0.30828576789704154,16.48
2017-09-28,13.08251362500001,0.0035245416666666667,82770.83680945834,-0.9955208333333334,0.5853124583333333,244.8001435,0.0,0.0,0.21033841666666664,0.0,225.87821316666668,0.3237488764068187,16.82
2017-09-29,14.531621416666669,0.003701166666666667,82593.53343575,2.1330357083333333,2.061696375,271.23663104166667,0.0,0.0,0.20490141666666664,0.0,182.62250283333333,0.3292892637991384,17.443
2017-09-30,13.945592708333335,0.003843375,82420.71230933334,2.5820685416666667,0.67428575,276.73374433333333,0.0,0.0,0.22759795833333332,0.0,212.50598058333333,0.3418913498695138,17.811
2017-10-01,11.11541712500001,0.00385425,82355.91062129167,0.7442707916666667,-2.635416625,245.89664629166668,0.0,0.0,0.21640708333333336,0.0,214.09171920833333,0.34329914682969326,17.868
2017-10-02,7.32857145833335,0.002904875,82218.25615,-0.80391375,-1.9775446250000002,221.67389420833334,0.0,0.0,0.19815491666666665,0.0,216.44881983333335,0.34441176280112606,17.925
2017-10-03,4.588424833333357,0.0027672083333333333,81990.69383604167,-3.0264583750000003,-2.7218749166666663,230.49492020833335,0.017084083333333333,2.0385715,0.14251325,0.0008482083333333333,156.81588804166668,0.3449113151535152,17.925
2017-10-04,6.008872708333354,0.003315375,82542.14990229167,-0.4487053333333333,-1.1185565416666667,234.26270266666666,0.009888375,2.2011905833333336,0.15869083333333334,0.000227375,208.85985525,0.3451156758110005,17.925
2017-10-05,7.856920083333346,0.003324958333333333,82670.98645604168,-1.1718899166666665,-0.6571279583333333,229.531408625,0.0,0.0,0.15444529166666668,0.0,209.10694987500003,0.3446842421483221,17.896
2017-10-06,9.845225208333352,0.0030209166666666665,82902.22223758332,-1.9513393333333333,0.16392858333333335,231.90134904166666,0.0,0.0,0.17011241666666665,0.0,207.26493845833332,0.3446842390894201,17.896
2017-10-07,14.422695333333339,0.0033418333333333334,82622.01300920833,2.382946458333333,1.4175297916666665,250.55863983333333,0.0,0.0,0.20968125,0.0,202.90551004166664,0.3386897393346369,17.33
2017-10-08,12.30150529166667,0.0034374166666666667,82282.752557625,1.2896726666666667,-2.3811903749999996,243.28180970833333,0.0,0.0,0.21065124999999998,0.0,202.57297416666665,0.3291984404089751,17.047
2017-10-09,4.706923125000021,0.002612416666666667,82770.4855725,-5.907737916666666,-0.4753720833333334,204.52448958333332,0.0,0.0,0.1668295,0.0,204.12720620833332,0.32304497104419944,16.48
2017-10-10,7.0263657916666835,0.0024229583333333334,82532.34836545833,0.07074404166666669,2.804598208333333,218.83697425,0.0,0.0,0.13618975,0.0,199.72056008333334,0.31164633198267516,16.197
2017-10-11,10.029955500000012,0.002832333333333333,82181.16050499999,3.6338987916666667,2.679955375,238.36573904166667,0.0,0.0,0.16948537500000002,0.0,192.60485708333331,0.3111467933953453,16.169
2017-10-12,5.942310208333353,0.002735625,82561.74670987499,0.5439881249999999,-0.7166518333333333,211.25728679166664,0.0,0.0,0.15170870833333333,0.0,199.58453916666667,0.31337201769095585,16.282
2017-10-13,7.2532771666666855,0.0022857083333333336,82735.774472125,1.7638095,-0.04687495833333333,213.164102375,0.0,0.0,0.15677025,0.0,195.33439341666667,0.3129860041353398,16.254
2017-10-14,5.532409791666686,0.002736,83110.89159004168,-2.426755791666667,-1.7892707916666666,213.57084341666666,0.0,0.0,0.128630625,0.0,195.33256933333334,0.3123502312274904,16.226
2017-10-15,7.3178939583333475,0.0022822916666666664,83297.97558591666,-0.9904761249999999,1.5623364166666667,211.68398341666668,0.0,0.0,0.15487083333333332,0.0,192.330270875,0.3122367061957766,16.226
2017-10-16,12.05672395833335,0.0021744166666666665,83278.80652425,-0.2619940416666667,1.3056548333333333,224.8687745,0.0,0.0,0.16895091666666665,0.0,189.20703937500002,0.3116690259769706,16.197
2017-10-17,13.562786500000009,0.002321791666666667,82889.19602166666,0.892693375,1.8086308750000002,247.82023279166665,0.0,0.0,0.19703545833333333,0.0,179.837915875,0.31078348224600527,16.169
2017-10-18,13.605605208333337,0.001999083333333333,82782.03755116666,0.630342125,0.8268153749999999,229.90550070833334,0.0,0.0,0.178676125,0.0,184.30119637500002,0.3111922058551525,16.169
2017-10-19,12.653194958333351,0.002927541666666667,82146.74472195834,3.0226040416666664,3.3195534583333335,243.58271733333333,0.0,0.0,0.18559029166666666,0.0,177.23357475,0.31098782990315693,16.169
2017-10-20,7.925283500000021,0.0039283750000000004,81747.14290362499,6.815996916666666,3.285252875,254.67210779166666,0.0,1.469142875,0.19102320833333333,0.176622625,171.88965125000001,0.3106472448665838,16.169
2017-10-21,3.7450268333333536,0.0030594583333333337,82563.386625625,2.702068333333333,0.32622033333333333,240.61230112500002,0.0,0.0,0.13217775,0.0007217083333333333,143.24565262500002,0.3104428926210791,16.112
2017-10-22,9.552966666666686,0.003799125,83274.3142555,1.7842112916666668,0.6924256666666667,245.83742025,0.0,0.0,0.14572604166666667,0.0,173.06602208333334,0.309807105183445,16.112
2017-10-23,12.341723375000013,0.0034924166666666667,83774.09834204167,-2.964121958333333,-0.9534970833333333,259.433029875,0.0,0.0,0.16457508333333334,0.0,168.489751875,0.3097162787343796,16.112
2017-10-24,12.325311000000015,0.005053291666666667,83785.54294545834,-3.579478958333333,0.17063966666666666,256.846303625,0.0,0.0,0.156058875,0.0,169.37400233333332,0.3104655942626296,16.141
2017-10-25,13.769423833333336,0.004234208333333334,83143.79830495834,0.28598208333333336,0.9188540000000001,251.35675054166666,0.0,0.0,0.15926579166666668,0.0,167.63829370833332,0.3104655850859234,16.112
2017-10-26,13.41754983333334,0.004154583333333334,82788.28370304167,-1.6567559583333333,-0.4623512083333334,248.1339524583333,0.0,0.0,0.14902720833333336,0.0,166.177634375,0.3099433471512196,16.112
2017-10-27,12.788168750000004,0.0037197500000000004,82919.57314916667,-2.3126637083333335,-0.20793166666666665,245.255262375,0.0,0.0,0.15025629166666668,0.0,164.898183125,0.30567452851636395,15.631
2017-10-28,12.395268791666672,0.003978208333333334,82824.05193216667,-1.9718005833333334,0.574523875,247.69590200000002,0.0,0.0,0.146273375,0.0,161.37891245833333,0.2954339079446481,15.319
2017-10-29,14.158123625000007,0.003901041666666667,82587.31029116666,0.643869125,1.3645833333333333,254.36082770833332,0.0,0.0,0.14935625,0.0,159.88914258333332,0.277927218860685,13.564
2017-10-30,13.42285670833334,0.0036763333333333335,82144.74851183333,2.1355057916666667,0.05419624999999998,250.37825316666667,0.0,0.0,0.15203125,0.0,151.37811475,0.24643334379936446,12.828
2017-10-31,8.39764937500002,0.004286333333333333,82232.915364625,-2.3702827083333333,-1.60657725,239.58527733333335,0.0,0.0,0.12879795833333332,0.0,156.89006725,0.24740972162665023,12.856
2017-11-01,8.669426458333351,0.0036490833333333336,82327.70853095833,0.9640029583333334,0.7070237083333333,234.8805304583333,0.0,0.0,0.13553433333333334,0.0,149.23319754166667,0.23839525123478714,11.808
2017-11-02,10.197374666666677,0.0036066666666666664,82049.80724516667,3.1423064583333336,1.3347320416666666,247.86987524999998,0.0,0.0,0.13913491666666666,0.0,145.000792875,0.25996640288447365,13.988
2017-11-03,7.513148708333348,0.004082125,82021.38463775,3.967142791666667,3.2824253750000003,259.884310125,0.0,0.018952375,0.12581525000000002,0.0015669583333333334,134.52998295833333,0.24513907722397743,12.771
2017-11-04,6.218775541666691,0.00429775,82023.61150254167,4.093988,3.219181375,277.73616895833334,0.0,0.34347625,0.10648354166666667,0.024631874999999998,102.16058829166667,0.24604733406737597,12.799
2017-11-05,4.184086375000024,0.0036956249999999997,82094.06263954168,4.484240958333333,3.7374998749999997,226.68411695833333,0.0,0.0,0.11493420833333333,0.025295791666666668,142.88249458333334,0.2466831138577549,12.828
2017-11-06,1.5887290416666893,0.002978708333333333,82249.34966749999,2.613244,1.2820833333333332,206.8834628333333,0.0,0.0,0.09668383333333334,0.0,141.69245295833335,0.2470464165951143,12.856
2017-11-07,1.7312753333333581,0.002657375,82549.76476479166,0.14080358333333334,0.9354167083333333,199.66200429166668,0.0,0.0,0.07902908333333335,0.0,143.335494875,0.23741887264277584,11.836
2017-11-08,5.1012467500000165,0.0027285833333333333,82287.28764416666,0.8901190833333333,4.151160666666667,233.333655375,0.0,0.004428625,0.11387533333333333,2.6458333333333334e-05,122.12425574999999,0.21255528400914706,10.562
2017-11-09,7.669283208333348,0.004062291666666666,81869.492757125,4.384449333333333,6.320044541666667,259.94356566666664,0.0,0.0,0.11898470833333334,0.083880625,122.71042849999999,0.19454905098477548,10.137
2017-11-10,4.9569017916666915,0.0038875,82101.74787245833,3.7086606250000003,3.3275742916666666,234.93373008333333,0.0,0.007428625,0.08783566666666666,0.0007837916666666667,128.43978591666666,0.19048459683103272,9.571
2017-11-11,3.9487965000000265,0.0035566666666666667,82397.069336,1.584166625,1.5525445833333336,219.489831625,0.0,0.005999999999999999,0.07850729166666666,0.0016854166666666667,130.01451170833334,0.1772921365475559,9.231
2017-11-12,5.459556125000017,0.002667791666666667,82289.404738625,1.0454167083333334,2.763363083333333,228.16987591666668,0.0,0.0,0.101187625,0.0,122.68410108333335,0.17032125284768285,8.353
2017-11-13,5.98766312500002,0.0027113333333333334,82436.10029529168,3.506086291666666,3.515297458333333,230.142316125,0.0,0.30702383333333333,0.114976125,0.0,125.35791679166668,0.15013519728135075,7.73
2017-11-14,6.141857333333352,0.004370375,82591.14746091666,3.4997320833333334,2.81696425,254.77971225,0.0,0.6183810416666666,0.09397262499999999,0.06546483333333333,127.76338112500001,0.1407846686455831,5.409
2017-11-15,6.077466333333359,0.0029453333333333332,82256.107270625,3.288660666666667,4.631354,271.326585875,0.0,0.0,0.08766508333333334,0.19122254166666666,75.17201545833333,0.0394883703795051,1.229
2017-11-16,7.155979125000024,0.006141583333333333,81552.87181445833,6.371428333333333,6.9915326250000005,304.1083273333333,0.030387791666666664,6.818809791666666,0.032033125,1.9387475416666666,74.895848875,0.0008469514129059071,0.047
2017-11-17,4.416957958333354,0.005174375,81941.55993070833,5.3695683333333335,1.979389875,278.47035091666663,0.018818291666666667,6.5010954583333325,0.06374270833333333,0.6091656666666666,112.64155883333335,0.0009282405847606144,0.05
2017-11-18,1.0555608750000267,0.0026045833333333333,82897.64660066667,-1.28491075,1.3321874166666667,191.28356704166666,0.0,0.0,0.06801016666666666,0.023992833333333335,128.64110708333334,0.0010624358453568542,0.057
2017-11-19,3.801697833333352,0.0023964583333333333,82630.933163625,1.7070982083333333,2.872217291666667,212.01021845833336,0.0,0.0,0.07566954166666666,0.0,119.57835683333333,0.001169383323581146,0.064
2017-11-20,7.132914291666684,0.0036036666666666665,82439.54639833333,3.6811307916666665,4.317291541666667,309.80502233333334,0.0,0.04119054166666667,0.07343424999999999,0.0028710416666666663,58.47705033333333,0.0013505809680682734,0.073
2017-11-21,9.649299500000016,0.005821625,82864.304815375,2.2861010416666665,2.4080952083333336,292.55969558333334,0.0,0.0,0.06195816666666667,0.018405625,111.987987375,0.0015971732514143586,0.092
2017-11-22,11.174492833333344,0.005343583333333333,83062.4481375,0.9892262083333333,3.01782725,259.44368454166664,0.0,0.0,0.06799441666666667,2.9166666666666664e-07,117.75872025000001,0.002059931164384498,0.114
2017-11-23,11.484088000000009,0.0051435,83061.49665175,1.5230505833333334,3.4656992916666667,265.33686875,0.0,0.0,0.08042683333333334,0.0,112.817410125,0.0024223264653075887,0.13
2017-11-24,10.121811500000014,0.004852916666666667,82648.73234045833,3.097574291666667,2.114895833333333,271.6267199166667,0.0,0.0,0.10973875,0.0,111.79291004166667,0.002661879743061802,0.144
2017-11-25,9.774255041666683,0.003313166666666667,82533.86089795834,1.4299255833333333,3.3025892083333335,259.90179508333335,0.0,0.0,0.12326266666666667,0.0,114.461952125,0.0029843116537370414,0.161
2017-11-26,11.416812708333344,0.0034397083333333332,82168.010777125,4.1006695833333335,7.477380708333333,250.23183970833335,0.0032309583333333335,0.8096429166666667,0.17156445833333334,0.036344625000000005,110.86023741666666,0.0032958444335402467,0.177
2017-11-27,6.048641000000015,0.004735708333333333,81894.37418608334,4.5346577083333335,2.606726083333333,285.26192845833333,0.005127875,6.940928958333333,0.10690370833333333,0.48483650000000006,86.62283758333332,0.0035131453818287813,0.184
2017-11-28,1.6689533750000247,0.0031212083333333335,82515.74922112499,-0.63571425,0.9649107083333334,222.68227175,0.0,0.0,0.05085875,0.0,98.81394216666666,0.0034509295963966527,0.169
2017-11-29,2.6265760000000227,0.0034824583333333335,82803.89671691666,-2.032232083333333,-0.924791625,219.69096258333332,0.0,0.0,0.046184916666666666,0.0,112.64242508333332,0.0033773606243197147,0.157
2017-11-30,1.9173152500000208,0.0034073750000000002,82798.19824216666,0.47558041666666667,1.4480059166666666,214.74178075,0.0,0.0,0.04298195833333333,0.0,106.33409449999999,0.001884183058448506,0.09
2017-12-01,3.552621000000021,0.003092416666666667,82514.06003533333,1.79970225,1.4582887916666667,224.493566125,0.0,0.0,0.04864754166666666,0.0,108.831279125,0.0013991728130254791,0.064
2017-12-02,3.8355066666666864,0.00265625,82265.73361929167,2.433660666666667,2.952619041666667,226.99489037499998,0.0,0.0,0.06345866666666666,1.9208333333333334e-05,103.99958249999999,0.0015501708734978895,0.09
2017-12-03,2.2771663333333603,0.0028083333333333333,82053.05076954166,5.585163666666666,2.741875041666667,236.123789375,0.0,1.4457620416666668,0.10252520833333334,0.05679845833333333,108.127234375,0.0013435419594891925,0.06
2017-12-04,-4.132054833333313,0.0021800833333333334,82819.47444658334,-3.788720083333333,-2.3090622916666668,183.70823979166667,0.0,0.002142875,0.060554083333333335,0.006787833333333333,111.43603208333333,0.0011325988345554682,0.06
2017-12-05,-4.581312166666644,0.0020177083333333336,83222.669561375,-5.443035541666667,-0.48495533333333335,179.52123112499999,0.0,0.0,0.051439708333333334,0.0,110.88594558333334,0.0011587112952757264,0.061
2017-12-06,-3.0661058749999803,0.002137416666666667,83502.45906575,-3.433065375,-0.06069945833333334,190.14926658333334,0.0,0.0,0.041237333333333334,0.0,109.47671333333334,0.0012218352758952592,0.064
2017-12-07,-1.8160329166666382,0.002161,83774.48570037501,-2.6448659583333334,0.7450297083333334,186.39877566666667,0.0,0.0,0.03854833333333333,0.0,109.81195766666667,0.0012424981472818283,0.065
2017-12-08,0.7817962500000237,0.0021121666666666667,83790.92792045833,-2.0274255833333332,1.0577527083333333,198.84749570833333,0.0,0.0,0.038064916666666664,0.0,109.09797537499999,0.001276103758983005,0.066
2017-12-09,1.50844529166669,0.002201125,83618.380208375,-1.9060118333333333,1.5168452083333335,191.24423679166668,0.0,0.0,0.035144875,0.0,110.50792779166666,0.0012658858133352423,0.066
2017-12-10,1.3747850416666934,0.001928,83641.45419466666,-2.0525447083333335,1.67927075,181.04521891666664,0.0,0.0,0.039961625,0.0,111.40113041666666,0.0012742872162605364,0.066
2017-12-11,0.9395332500000225,0.0017250416666666666,83422.018705875,-1.094122,1.2457589583333333,178.258255125,0.0,0.0,0.03612608333333333,0.0,110.99841275,0.0013026703382074286,0.068
2017-12-12,1.1891014166666902,0.0014966666666666668,83512.63038270833,-1.367797625,1.1126042083333334,173.37221283333335,0.0,0.0,0.03173541666666666,0.0,110.94027879166667,0.001297674879326741,0.068
2017-12-13,1.7299646666666864,0.0015564166666666667,83212.06724341666,-0.36050591666666665,-0.12199412500000002,185.12457941666665,0.0,0.0,0.03331145833333333,0.0,108.00503470833333,0.0012994913891899104,0.068
2017-12-14,1.4281040000000278,0.0020141666666666667,83111.71175129166,-2.1594791250000003,-0.3888690833333333,199.6902189583333,0.0,0.0,0.04460125,0.0,106.62960029166668,0.0012692918171240293,0.063
2017-12-15,3.9497711250000163,0.0019074166666666666,82983.53883004167,2.347112958333333,2.1257440416666666,209.58707866666666,0.0,0.0,0.06759275000000001,0.0,103.10670708333333,0.0011612089754271212,0.059
2017-12-16,2.1532522916666896,0.0029527916666666665,82253.65692433334,-1.4960267083333332,-3.195312416666667,259.10411645833335,0.0,0.6940715000000001,0.07218633333333334,0.022472458333333334,91.51198966666668,0.0011432708867585603,0.059
2017-12-17,-2.905110291666643,0.002271875,82512.73851375001,-5.371547541666666,-1.9208332083333335,196.64700483333334,0.0,0.0,0.058170374999999996,0.013363083333333333,103.0043085,0.0011042157394934573,0.057
2017-12-18,0.8921371666666874,0.0024456666666666667,82840.51343937499,-0.47447924999999996,0.23889875000000002,219.278120125,0.0,0.0,0.03858225,3.5125e-05,100.302153375,0.0011350965505533713,0.059
2017-12-19,3.418179041666692,0.002616125,82621.694196375,3.221383916666667,2.7766367916666663,225.042703375,0.0,0.0,0.056923375,1.7916666666666667e-06,98.50576045833333,0.0011850508077800445,0.062
2017-12-20,2.2700236666666993,0.0028045416666666666,82118.91979404166,6.1459076249999995,2.2748957916666668,246.54206258333332,0.04945270833333334,24.52581066666667,0.09811154166666668,0.031236333333333335,69.198223625,0.0011873214361473791,0.062
2017-12-21,-4.376791624999975,0.002220666666666667,82751.91904991666,-1.895446375,-2.5544345416666667,195.54069487499999,0.0,0.293642875,0.06012625,0.0,105.51571920833334,0.0011339612229272634,0.059
2017-12-22,-1.6858838333333146,0.0018899583333333331,82930.644775375,0.9051338750000001,1.1908332916666666,225.72209324999997,0.0,0.0,0.056120125,0.0,89.11285575,0.0011539429240256071,0.058
2017-12-23,3.3006337500000273,0.0029544583333333332,82877.82014970834,3.1532885833333335,1.9289136249999999,286.47453191666665,0.0,0.0,0.05768499999999999,0.0,69.95218204166666,0.0011294199333332945,0.059
2017-12-24,3.6218391250000206,0.0025824166666666665,82779.22595804167,1.268869,1.8263094583333332,272.28819358333334,0.0,0.009523791666666667,0.06013183333333333,0.0,78.75606325,0.001148947500991428,0.06
2017-12-25,4.469934000000017,0.0031099166666666666,82706.66329512499,2.8086755,1.2025297916666666,260.9263925833333,0.0,0.0190595,0.06481991666666666,0.0,101.61269525,0.0011687021383568758,0.064
2017-12-26,3.336690583333358,0.003108541666666667,82809.08634445834,1.0913095000000002,-0.47776783333333334,227.32817920833335,0.0,0.0,0.03317570833333333,0.0,106.11783270833332,0.00134013600349575,0.069
2017-12-27,2.8817503333333523,0.002030625,82984.48065483333,2.9320832916666664,1.4251935,205.79173633333335,0.0,0.0,0.0454,0.0,105.12357054166667,0.0012556679214572417,0.063
2017-12-28,3.6751871666666864,0.0017239166666666668,83062.670875125,2.2628125,1.4060267916666669,213.19536720833332,0.0,0.0,0.04618766666666666,0.0,104.73096345833333,0.001230009588202776,0.064
2017-12-29,5.726139708333353,0.0016026249999999999,82979.124058375,3.1636457083333336,2.588214333333333,213.55439987499997,0.001819625,0.0,0.07315575,0.0040095416666666665,105.8038325,0.0012013994562927502,0.061
2017-12-30,5.231541833333346,0.00234175,82810.21433216667,2.879851208333333,2.5138689583333336,215.160367375,0.002665958333333333,0.0,0.06846354166666667,0.2841267916666667,105.58686208333334,0.0011403190403076557,0.059
2017-12-31,4.821749416666688,0.0015634166666666667,82610.22722516667,1.49303575,1.307366,215.22087316666668,0.0,0.0,0.05692704166666667,0.0,103.002356125,0.0011984475859441734,0.063
2018-01-01,5.442359791666692,0.002591458333333333,82951.417306,0.8654314583333335,1.5908929166666665,254.2098455833333,0.0,0.0,0.054789375,0.0,94.71204625,0.0011861861174828983,0.062
2018-01-02,4.597017625000027,0.0031491250000000004,83130.0497,-1.6885268333333334,1.4129612500000002,226.59063504166667,0.0,0.0,0.040766666666666666,0.0,99.04785591666666,0.0011873214361473791,0.062
2018-01-03,5.298416625000024,0.003292291666666667,82793.9424525,-0.11614579166666666,2.2745089166666665,256.25691408333336,0.0,0.0,0.055724166666666665,0.0,96.292326,0.0012011724134703171,0.064
2018-01-04,6.649383875000019,0.0040960833333333335,82516.39242708334,0.44989579166666666,2.9037645,278.05328254166665,0.0,0.0,0.05608391666666667,0.036319833333333336,94.06457004166667,0.001288819411667044,0.067
2018-01-05,6.155931291666687,0.004056,82534.752046125,2.0572320833333335,3.717901416666667,251.03425025,0.0,0.10414287500000001,0.046112999999999994,0.00390475,90.44943866666667,0.001288819411667044,0.068
2018-01-06,5.615306750000022,0.005404375,82553.73108491667,2.6842856666666663,1.8878124583333333,308.0500074583333,0.013372208333333335,11.270649375,0.030584208333333335,0.4857755833333333,64.738889875,0.0014259665037781434,0.074
2018-01-07,2.312032208333357,0.0035659999999999997,82677.709123875,-0.03282737499999999,2.079747,217.37187000000003,0.0,0.0,0.04215875,0.007247458333333332,97.401825875,0.0013678379491799987,0.071
2018-01-08,4.666154000000019,0.003821416666666667,82056.89534504166,0.39077379166666665,3.0819344999999996,298.67487470833333,0.0,0.04591070833333333,0.046518583333333335,0.06958508333333334,53.20041908333334,0.0013678379491799987,0.071
2018-01-09,6.138818666666684,0.005653249999999999,81149.04924658332,0.5799554166666666,2.8755207916666667,319.58226979166665,0.0005255,3.9652859583333337,0.0348085,0.20085654166666667,79.17283704166667,0.0013678379491799987,0.071
2018-01-10,4.715024166666687,0.004981208333333333,81845.21604125,5.31776775,1.014122,293.6235199166667,0.02395729166666667,4.520190708333334,0.037519166666666666,0.09709554166666667,59.891973125,0.0013546681929278396,0.069
2018-01-11,3.9746514583333554,0.003869875,82744.03653970834,4.130609916666667,1.105119,249.44582808333334,0.0,0.0,0.065503625,0.0004873333333333333,63.92337799999999,0.0012558950210366463,0.064
2018-01-12,4.956943583333358,0.0038520833333333337,83086.13444008333,4.14157725,1.1791815,225.82247991666668,0.0,0.0,0.07417595833333333,0.0,104.19922537500001,0.0012098008741540894,0.063
2018-01-13,3.5359015000000174,0.0033508749999999997,83414.836646625,-2.743377875,0.06488104166666668,222.19914695833333,0.0,0.0,0.049762,0.0,107.92921945833332,0.0012163857522801689,0.064
2018-01-14,4.289086083333354,0.003346166666666667,83123.28995758333,-1.2981844166666667,1.8633481666666667,226.20029279166667,0.0,0.0,0.048103875,0.0,106.513273125,0.0012427252647844872,0.065
2018-01-15,6.3743840416666835,0.003353041666666667,82720.96077479167,0.5912797916666667,2.3752082916666666,246.52353591666667,0.0,0.0,0.05837933333333333,0.0,99.89561754166668,0.0013085740460452827,0.07
2018-01-16,6.677925416666696,0.0031819166666666667,82715.90714516667,1.6883332916666667,2.403139875,261.59529208333333,0.0,0.0,0.079634,0.0,102.33452854166667,0.0013612530710539192,0.071
2018-01-17,6.599800875000014,0.0043825416666666665,82900.37458141666,1.2242559583333332,2.3228273749999997,273.553015,0.0,0.0,0.049421041666666665,0.0,83.28646816666667,0.00134808331480176,0.07
2018-01-18,7.682255375000015,0.004101625,82432.10029520834,3.8188093750000003,5.370416583333333,253.94137779166667,0.0,0.019976208333333332,0.07790504166666666,0.0,103.76588,0.0013612530710539192,0.071
2018-01-19,4.2581779583333494,0.004006291666666667,81858.99268750001,5.568065333333333,2.7380952083333336,266.81917595833335,0.015096875000000001,4.7173930833333335,0.10198004166666667,0.243604625,105.70529079166666,0.0013612530710539192,0.071
2018-01-20,-1.7973425416666446,0.002526416666666667,82083.55114166667,-0.20755954166666665,-2.631592083333333,213.82338783333333,0.015096875000000001,5.493464583333334,0.07720975000000001,0.00488175,114.96823154166667,0.0013612530710539192,0.069
2018-01-21,-3.009663958333307,0.0020562916666666668,82542.56581333333,1.749851125,0.28306549999999997,210.18751012500002,0.0,0.0,0.06497966666666667,8.75e-07,101.39237974999999,0.0012624798991627258,0.077
2018-01-22,0.4447558333333632,0.0027417083333333334,82701.05938433333,2.8008630416666667,3.3654315,273.57573758333336,0.0,0.0,0.06063975,0.012901791666666667,87.40575991666667,0.0013803264694253338,0.061
2018-01-23,1.8429251250000227,0.0026858750000000003,82804.09590075,1.5881548333333333,1.7617261666666666,215.49578375,0.0,0.0,0.051986,0.0,110.67996970833333,0.0012098008741540894,0.063
2018-01-24,2.847077125000028,0.0021575416666666665,82355.45993770834,2.5558332916666666,5.52333325,205.63739091666665,0.0,0.0,0.097354,2.1416666666666668e-05,120.33933916666666,0.0012229706304062486,0.063
2018-01-25,0.7625240416666911,0.002898125,81784.32627658334,5.665342166666666,4.250089208333333,245.69175062500003,0.007507416666666667,1.6083572916666666,0.10357891666666667,0.40987141666666665,104.48963158333333,0.0011975393788079332,0.062
2018-01-26,-2.4305270416666427,0.0025589583333333332,82432.90772641667,3.0234821249999997,2.3104167083333333,238.82309024999998,0.0019650416666666666,1.0401607499999999,0.06070854166666667,0.03960479166666667,111.65927020833333,0.0011341883195194588,0.058
2018-01-27,-0.31094374999998053,0.0022987916666666664,83069.58582125,2.650729166666667,1.3794197083333335,247.566691,0.0,0.0,0.056658458333333335,0.0,91.32705808333333,0.0011607548927694642,0.061
2018-01-28,3.0345025000000256,0.0033172916666666667,83564.45418300001,-0.7917261666666667,0.23529766666666663,222.66691458333332,0.0,0.0,0.031798875,0.0,126.56350291666666,0.0011975393788079332,0.062
2018-01-29,4.4238932916666895,0.0028629583333333332,83434.42196804167,-0.31019341666666667,1.9621725416666667,221.87306049999998,0.0,0.0,0.04230308333333333,0.0,116.44933308333333,0.0012098008741540894,0.063
2018-01-30,7.257166041666683,0.002587083333333333,82905.72842266667,2.8030653749999996,2.46364575,248.30971187499998,0.0,0.0,0.08686508333333333,0.0,126.89325008333333,0.0012098008741540894,0.063
2018-01-31,6.721228875000015,0.0025065,82580.48341008332,3.016294541666667,0.9628125416666666,223.30663245833333,0.0,0.0,0.10424075,0.0,125.74110433333333,0.0012163857522801689,0.063
2018-02-01,8.043833333333348,0.0027658749999999997,82748.77461162499,1.00522325,-0.3630356666666667,269.4270622083333,0.0,0.0,0.1087695,0.0,125.927399,0.0012098008741540894,0.063
2018-02-02,7.924919541666685,0.0033334583333333337,83065.523890875,-1.9955207499999998,-0.9242559166666666,247.895187875,0.0,0.0,0.07662833333333334,0.0,130.103515125,0.0012624798991627258,0.069
2018-02-03,6.435469208333355,0.003408333333333333,83251.72632999999,-1.348169625,-1.751131,225.08553091666667,0.0,0.0,0.070902125,0.0,135.34541179166666,0.0013612530710539192,0.071
2018-02-04,7.231913291666685,0.0038215000000000002,83077.69128995833,-1.4045536666666667,-0.6567410416666667,231.28530754166664,0.0,0.0,0.08169941666666668,0.0,133.63939025,0.0013678379491799987,0.071
2018-02-05,6.905038666666679,0.0035982500000000003,82795.96250695833,-0.03419641666666667,-0.8467707916666667,228.717688375,0.0,0.0,0.07717941666666667,0.0,137.43888458333333,0.0013678379491799987,0.071
2018-02-06,4.755350958333355,0.0030525,82682.79052733333,-0.323601125,-2.26553575,216.906215625,0.0,0.0,0.08139945833333333,0.0,141.31964391666668,0.0013678379491799987,0.071
2018-02-07,4.0318090416666905,0.002571458333333333,83262.989106625,-2.0171875416666665,0.4304017916666667,214.85210841666665,0.0,0.0,0.073079,0.0,143.6133885,0.0013612530710539192,0.07
2018-02-08,5.861645875000018,0.0023764583333333333,83299.48321237501,-1.1104762083333333,0.22447920833333335,220.60021866666668,0.0,0.0,0.07599266666666667,0.0,145.62054829166667,0.001334913558549601,0.069
2018-02-09,7.592910750000023,0.0028259166666666662,82849.372512125,1.9281398333333335,-1.255952375,224.69956329166666,0.0,0.0,0.09351220833333333,0.0,145.88511095833334,0.0013414984366756806,0.069
2018-02-10,5.584830083333357,0.0026774583333333333,82296.40628495834,2.0395833333333333,-2.70875,224.4974055,0.0,0.0,0.12081904166666667,0.0,143.24748275,0.0013151589241713623,0.067
2018-02-11,0.7774338750000235,0.0017138750000000001,82221.75153470832,-0.2358482083333334,2.1295087916666664,198.78852204166665,0.0,0.0,0.13799550000000002,5.1208333333333336e-05,131.3088455,0.0012163857522801689,0.063
2018-02-12,-0.4452591249999828,0.002613375,81419.09358725,1.8236904166666665,-1.4169344166666666,256.7601280833333,0.0024338333333333334,8.884690791666666,0.09807033333333333,0.07215729166666666,65.21562220833333,0.0012297825722652242,0.063
2018-02-13,-3.2221637083333103,0.002553375,82449.97632995834,-4.4881546666666665,-1.386205375,221.6425545,0.0,3.6846668333333334,0.07066704166666667,0.03856695833333333,150.52248308333333,0.001230917861057615,0.081
2018-02-14,-2.2414627083333127,0.0025312916666666665,82501.70874020834,2.1446129583333335,2.83983625,200.58450466666667,0.0,0.0,0.06270625,0.0,143.54369729166666,0.002993621296657875,0.208
2018-02-15,-0.9763607916666425,0.0024004583333333334,82674.28087791667,0.7078124583333333,-0.2475150416666667,200.56762912500002,0.0,0.217128,0.08651608333333333,0.0,159.42333479166666,0.0034647805916428447,0.178
2018-02-16,0.2588931250000238,0.0016695416666666666,82979.17997808334,0.01629454166666667,0.24049108333333333,197.64657275000002,0.0,0.0,0.07752933333333334,0.0,160.5100665,0.00303085992808539,0.131
2018-02-17,4.210663875000022,0.0025205416666666666,82757.67531620833,1.4688690833333335,0.9021874583333332,215.37012900000002,0.0,0.0,0.08286579166666667,0.0,161.02870383333334,0.002456386168628049,0.129
2018-02-18,4.594011583333355,0.0031282500000000004,81731.49986045832,8.283571291666666,4.439017833333334,214.83931070833333,0.0,0.0,0.14958470833333334,0.0,163.97168029166667,0.002520645479860899,0.13
2018-02-19,-4.6775808333333115,0.0018103750000000001,81223.62308170834,5.961309333333333,-1.6013987500000002,228.84326804166668,0.032415791666666666,24.565477333333334,0.138561,0.06490233333333333,120.30069041666667,0.0024591109334228035,0.125
2018-02-20,-6.9334290833333165,0.0013203750000000002,82047.72365604166,1.7846428333333335,-1.195506,187.387615125,0.0025958333333333332,0.1689524166666667,0.09231729166666668,0.004791958333333333,156.61894800000002,0.0023732804898973815,0.124
2018-02-21,-4.458116458333306,0.0015216250000000002,82223.79703779166,1.1600148750000001,0.046964250000000034,218.97637920833333,0.0,0.0,0.09017291666666666,0.0003755833333333333,158.38950141666666,0.002433452630040428,0.128
2018-02-22,-4.448056833333308,0.0017315000000000002,82155.39637975,4.765252833333333,1.3768153333333333,199.90332899999999,0.08918016666666667,13.404381625,0.08180604166666666,0.011468458333333332,131.78656504166668,0.002506794556307724,0.132
2018-02-23,-5.4683693333333165,0.0018745833333333334,82345.08672808333,1.4980952083333332,-2.7611159583333333,228.23500954166664,0.02814583333333333,4.2503335,0.09097925,0.11231295833333334,147.51630520833334,0.0024466224101902592,0.126
2018-02-24,-4.694009291666643,0.0015984166666666666,82740.13060379167,3.9226339583333334,0.1456100833333333,199.04698979166665,0.0,0.0010952499999999999,0.09335829166666666,0.0014404583333333335,147.32427483333333,0.0023957599129680466,0.125
2018-02-25,-2.789767874999979,0.002327916666666667,82687.76764787499,2.105997,-0.48169645833333335,206.09243591666666,0.0,0.20742858333333336,0.09050124999999999,0.00013870833333333332,176.14434158333333,0.002433225596179622,0.129
2018-02-26,-0.8232916249999791,0.00235175,81840.992175875,4.0702975,3.530907708333333,229.60297120833334,0.014826625000000001,1.8759524583333331,0.09041479166666666,0.09028095833333333,127.10877975,0.0025887648984506567,0.138
2018-02-27,-3.2530268333333114,0.002381875,81766.36987304167,-3.451488,-3.8304314583333334,233.392122875,0.000939125,0.06376191666666667,0.10681524999999999,0.06102966666666667,175.316555625,0.0026051135708610343,0.134
2018-02-28,-2.4673990416666434,0.00200375,82163.99984895834,1.0289731666666666,0.48760416666666667,207.61545650000002,0.0,0.0,0.07853766666666666,0.02908895833333333,154.07394804166668,0.002633042529495626,0.139
2018-03-01,1.037242375000018,0.0030257916666666666,81590.48671183333,4.0777975,6.652053416666667,253.09023216666665,0.0001245,0.12407145833333333,0.093763375,0.4047105416666667,130.845250125,0.0027767744937583863,0.154
2018-03-02,-0.37129916666664514,0.0029780416666666666,81067.32692745833,6.9733480000000005,6.608273625,267.18398237499997,0.002290916666666667,2.9124881666666664,0.10403849999999999,0.8172443333333334,122.38448804166667,0.0029497978468484604,0.15
2018-03-03,-2.5407485416666447,0.0030381666666666664,81499.50260404167,3.7613540000000003,1.974687,275.6729258333333,0.043972125,12.562631583333333,0.049902749999999996,0.4535624166666667,109.97567183333332,0.002910742705557776,0.147
2018-03-04,-3.5058374999999784,0.002376875,82114.956484875,2.5216517916666668,0.6812053749999999,238.21987558333333,0.004467416666666666,9.835238541666667,0.072213625,0.026595666666666667,176.74991895833332,0.002814467240702858,0.147
2018-03-05,-3.7892918333333103,0.0018399166666666668,82896.66333,-1.9482588749999998,0.10717270833333332,180.90798700000002,0.0,0.0,0.06845420833333334,0.0,206.08389666666665,0.0028714604885853585,0.151
2018-03-06,-1.5527429166666424,0.0018545416666666667,82739.59126204166,-2.2755505,0.47666670833333336,194.26853716666668,0.0,0.0,0.06669445833333333,0.0,196.74279483333336,0.0029668276746110185,0.142
2018-03-07,2.2757560833333517,0.00243525,82438.63764875,-0.13099704166666667,2.079434583333333,242.29602129166668,0.0,0.0,0.07853429166666667,0.0,165.45502000000002,0.0024999825726278214,0.135
2018-03-08,3.983223916666691,0.002715125,82290.70125329167,3.6537202499999997,4.126473041666666,217.76658716666668,0.0,0.0,0.092419625,0.0,206.49028345833335,0.002600345196623706,0.135
2018-03-09,4.200532625000021,0.0027680416666666665,82165.68264045833,2.9342410416666667,2.4687500416666666,228.56267404166667,0.0,0.0,0.08737579166666666,0.0,201.024795,0.0026770930370635187,0.14
2018-03-10,3.546007375000021,0.0031715000000000003,82115.67367679167,0.5520238333333333,0.6233482083333334,250.700321875,0.0,0.09057141666666667,0.06681524999999999,0.004255166666666667,171.85842458333332,0.0027654211995740523,0.145
2018-03-11,4.980520875000018,0.004179666666666667,82296.39915829166,0.2904761666666667,0.30022316666666665,257.2522714166667,0.0,0.24247620833333336,0.06487883333333333,0.010950583333333333,210.26900379166668,0.002720235373341679,0.142
2018-03-12,6.038275791666681,0.0039445416666666665,82502.85459679166,-0.3369494583333334,2.164895833333333,231.061958875,0.0,0.039,0.08685245833333333,1.5e-06,216.51107625,0.002853976461663991,0.152
2018-03-13,7.795921208333357,0.0044352083333333335,81942.901936875,1.646413625,5.508511666666667,265.54349120833336,0.048278875,1.2518214583333334,0.10645866666666666,0.08354370833333334,164.518621,0.003026091535924808,0.163
2018-03-14,4.400251625000021,0.003872125,81589.62863879166,4.168199291666666,3.966934416666667,274.33758320833334,0.047194875,2.619131083333333,0.12687283333333335,0.3384399166666667,181.37841295833334,0.003221821345946353,0.172
2018-03-15,-0.7471915416666391,0.002678083333333333,81678.966820125,4.889910541666667,2.5550744583333334,244.39535129166666,0.014414291666666667,1.4164554583333333,0.11040170833333333,0.106557,145.21585616666667,0.03231993811934054,4.163
2018-03-16,-0.31405245833330725,0.003167,81336.04981633332,3.8283481249999998,4.424240916666666,281.02600516666666,0.05034458333333333,5.3431430833333335,0.08933379166666666,0.741641875,153.601352875,0.14102990120514783,7.306
2018-03-17,-1.8445448333333065,0.0026130416666666667,81577.90351795833,4.395639833333333,1.705758875,243.04576862500002,0.185577,7.83595275,0.103457625,0.2514604166666667,203.68126270833332,0.14025787715281776,7.277
2018-03-18,-2.4858986666666456,0.0024189583333333333,82209.07078916667,1.0288690833333334,-0.28075900000000004,211.56791179166666,0.056108,7.608714625,0.08297958333333334,0.05095591666666666,212.34624195833337,0.13955397752563978,7.249
2018-03-19,-0.10569083333330735,0.0022145833333333336,82455.65463399999,0.3116221666666667,1.7561160833333334,217.89112641666668,0.0,0.0,0.075208625,0.0,226.42041016666667,0.15376823191983713,8.75
2018-03-20,2.0718983333333534,0.0027291666666666666,82284.71747116667,0.7331100416666666,2.43096725,262.087538625,0.0014128333333333334,0.0,0.07991408333333333,0.055315458333333324,151.46770975,0.1798125555969722,9.288
2018-03-21,5.4885699166666875,0.004924416666666666,81696.16838729166,2.4215625,4.424374958333334,303.04713733333335,0.02602720833333333,2.1521429583333336,0.068216875,0.4630870833333333,162.32282879166667,0.17785979841294963,9.231
2018-03-22,6.754984375000028,0.0057994583333333335,81426.284505125,4.726755916666667,6.058318291666667,304.92646633333334,0.16007025,18.997096125,0.08512020833333334,1.4365366249999998,160.43787725,0.17924489679048058,9.373
2018-03-23,2.423536958333353,0.0029912083333333336,82045.68747670834,4.395699125,3.8369492083333334,213.40591775,0.03253466666666666,6.9843098333333336,0.139539,0.10119062499999999,240.790957625,0.17985796652732836,9.345
2018-03-24,0.09298854166669096,0.0025944166666666667,81796.13728841666,4.6595385,4.113229083333334,226.4919295,0.0,8.330405125,0.10246941666666666,0.03782379166666667,153.95462645833334,0.1799715030299249,9.316
2018-03-25,-2.0743202916666426,0.0022617916666666667,81863.21219304168,5.516368833333334,2.277172541666667,219.37469745833334,0.0,6.057428875,0.11151204166666667,0.041858708333333335,171.816603125,0.17904053307409318,9.288
2018-03-26,-2.277237708333313,0.0019759166666666666,82471.44876529167,-2.2240475833333333,-2.1172915833333334,194.622897125,0.0,0.005238083333333333,0.1083055,0.0024137083333333332,247.7686569583333,0.1845809158780598,9.911
2018-03-27,0.5730480416666864,0.002408,82955.13604433333,-3.827217125,-1.9245982083333333,208.53823920833335,0.0,0.0,0.10985279166666667,0.0,246.29008,0.19477611557798788,10.109
2018-03-28,4.9079803750000215,0.0034742916666666668,83096.93766258332,-1.4120535,-1.9698659583333333,230.94271829166667,0.0,0.0,0.10396525000000001,0.0,247.28214825,0.19436740114554682,10.137
2018-03-29,7.341437541666689,0.0038492916666666662,83015.60889833333,-0.6360863333333333,-1.827738125,235.27024758333334,0.0,0.0,0.11643270833333334,0.0,248.10142941666666,0.19552543340041437,10.109
2018-03-30,8.937557250000017,0.003150041666666667,82879.96922670833,-0.23058033333333336,0.40275304166666664,229.15300083333332,0.0,0.0,0.14723495833333333,0.0,245.600553,0.20531191866790136,11.298
2018-03-31,10.370202541666677,0.0028496666666666666,82608.64185725,2.36227675,0.35995533333333335,242.149012125,0.0,0.0,0.15348716666666667,0.0,230.97942804166667,0.22960784467141093,11.921
2018-04-01,8.34987491666668,0.002963,82325.31163970834,3.4606100000000004,0.9453124583333333,226.23157274999997,0.0,0.0,0.16166895833333333,0.0,269.3475395,0.22990303024851058,12.063
2018-04-02,8.35167495833335,0.0034323333333333337,81936.00728933334,4.5859522083333335,0.7439137916666666,247.23198887499998,0.0,1.136,0.16566899999999998,0.0,233.54416516666666,0.23467139205904922,12.176
2018-04-03,5.128357041666688,0.002561875,82370.37210516667,-1.1898213333333334,-0.12456845833333335,211.50134937500002,0.0,0.0,0.15553433333333333,0.0,273.525917,0.24096108427346166,12.941
2018-04-04,8.55084258333335,0.002339833333333333,82524.69805625,2.0403125833333333,1.1404314583333333,263.9164523333333,0.0,0.0,0.13657120833333333,0.0,182.63912770833335,0.26101089710729364,14.102
2018-04-05,10.260841458333347,0.003535625,82445.83027575,2.6096875,2.242232,294.3260055,0.0,0.0,0.16260483333333334,0.0,220.93675775,0.38203639870314215,27.835
2018-04-06,8.086959458333354,0.005117875,82111.959914375,2.9788838749999997,3.123110125,334.4461381666667,0.0,0.9635238749999999,0.10134141666666667,0.26650408333333336,102.18273125,0.7935912113478553,45.024
2018-04-07,9.164461666666682,0.006979625,81783.24003679167,6.434821291666666,5.2941815,327.1753644166667,0.014983500000000002,4.126047791666667,0.12990766666666667,0.5010209166666667,222.80646391666667,0.916660280517556,47.572
2018-04-08,4.7263219166666905,0.0031827916666666667,82356.68700008333,4.919583125,2.275312375,214.10651308333334,0.0029762083333333337,0.01,0.17914375000000002,0.004089,282.195975,0.9123460417756379,47.289
2018-04-09,6.911917166666684,0.003290041666666667,82840.314429875,-1.6071577083333333,-0.5888541666666667,227.97785187500003,0.0,0.0,0.13198695833333332,0.0,284.44368045833335,0.8987221539472868,45.59
2018-04-10,12.083452833333345,0.0036937083333333336,82473.97214475,1.9606695833333332,4.558288541666667,257.79359579166663,0.0,0.0,0.21545362499999998,0.0,276.16279841666665,0.8156164684774755,40.493
2018-04-11,9.463033250000013,0.004236958333333333,82048.42022416666,4.690461291666667,4.386101041666667,252.500723625,0.0,0.0,0.22378679166666668,0.0004124583333333334,267.518870125,0.758396163457837,39.927
2018-04-12,2.751280500000023,0.00272975,81932.91062116667,7.48450875,1.8043303333333334,230.74631887500001,0.0,7.646667041666666,0.23476579166666667,0.025772291666666666,219.21905854166667,0.7677058217209763,39.644
2018-04-13,-0.2952545416666372,0.002316083333333333,83058.62798770833,0.32395825,-1.1905952916666667,204.86323912499998,0.0,0.0,0.13990729166666668,3.691666666666667e-05,280.79150129166663,0.7722471135852239,40.776
2018-04-14,6.000158916666682,0.002609083333333333,83186.36553666666,0.5623065416666667,1.7423809166666668,231.11050108333333,0.0,0.0,0.14751333333333333,0.0,291.8130914583333,0.7976783724962271,41.343
2018-04-15,8.521602666666682,0.0031795833333333333,82164.38440525,3.953526625,4.9574105416666665,249.7063188333333,0.0,0.0,0.21098883333333332,0.0020392916666666667,282.64256770833333,0.7988136992859166,41.626
2018-04-16,3.7085269583333496,0.0031425416666666667,81531.78499341667,6.047306208333333,4.309464166666666,264.70932475,0.1260875,4.55542875,0.19748904166666667,0.34499816666666666,197.63409254166666,0.801765539762403,41.343
2018-04-17,0.2610722083333526,0.002755125,82346.74353600001,1.6297914583333333,-1.3056250416666666,244.39977095833333,0.010574666666666668,0.655821375,0.13262404166666666,0.012845291666666666,248.78561283333332,0.7890499164247055,41.059
2018-04-18,2.90331395833336,0.00222975,82343.568661625,0.09776783333333335,2.431889875,231.52780725,0.0,0.09109525,0.12380020833333333,9.833333333333334e-05,262.87926799999997,0.7938182644701849,41.343
2018-04-19,3.0829893750000132,0.003042,82042.35546875,3.2080951666666664,-1.9719790833333333,248.89048612500002,0.0034681666666666667,3.0018573333333336,0.13500229166666666,0.00021295833333333334,266.92882254166665,0.7981324970942988,41.343
2018-04-20,4.998376250000017,0.003842458333333333,82639.33759995834,0.46645833333333336,-2.513824291666667,244.80783720833332,0.000446,0.04342858333333333,0.13007720833333333,0.0,292.14930583333336,0.7967701171822795,41.343
2018-04-21,9.992307125000012,0.002869,82853.76675266666,-0.6611458333333333,0.16464283333333332,238.31215229166665,0.0,0.0,0.164295,0.0,300.80730075,0.799494883124122,41.626
2018-04-22,13.192781208333338,0.003930083333333333,82654.9533925,1.9763392499999999,1.29239575,252.16555991666667,0.0,0.0,0.20779154166666666,0.0,301.9550676666667,0.8047173527087711,41.909
2018-04-23,10.627101875000013,0.003247458333333333,82620.64190383333,-0.34763395833333327,-0.4542113333333333,238.72582779166666,0.0,0.0,0.2086215416666667,0.0,284.86111445833336,0.8060797448563983,41.909
2018-04-24,10.943229791666672,0.003616583333333333,82789.33558870833,-2.804345083333333,-0.6239880416666667,243.394220625,0.0,0.0,0.22345087500000002,0.0,306.4318412916667,0.7992678208250862,41.059
2018-04-25,13.51305208333334,0.0035761666666666667,82719.096993625,-1.9806993750000002,0.5042411666666667,249.06127412499998,0.0,0.3301905,0.233763375,0.0,307.5717524583333,0.7561255251729683,38.511
2018-04-26,15.24299170833334,0.0037232083333333336,82583.04029475,-2.483616083333333,0.36846724999999997,263.33910154166665,0.0,0.7513809583333333,0.23254841666666667,0.0,303.3392943333333,0.6954992459020654,34.263
2018-04-27,14.914471458333333,0.0033892916666666668,82064.081357,1.9582142916666667,3.1171279166666666,252.81661620833333,0.0,0.18109525,0.3088317916666667,0.0,310.703306875,0.605627042742945,29.733
2018-04-28,7.016788666666688,0.002790708333333333,82103.24498925,3.7136607083333337,2.636547625,215.99749533333332,0.0,0.0,0.2431775416666667,0.0,314.14758612500003,0.5398917944478905,28.034
2018-04-29,5.474970833333355,0.0034728333333333334,82052.25882395833,4.832321291666667,1.8082142916666666,250.81905741666665,0.0,3.9585715833333333,0.18051829166666666,0.0011153333333333334,219.93861787499998,0.5397782571805684,28.09
2018-04-30,4.016908791666688,0.0037347500000000002,82199.68073379167,0.6695832916666667,-1.1914880833333334,250.79858145833336,0.00359625,4.28285725,0.14923470833333333,0.005897291666666666,266.7410067083333,0.5411633524991973,28.119
2018-05-01,6.179061458333353,0.0037394999999999998,81899.81853370833,-2.000119125,-2.8219940416666667,278.3985510833333,0.008810458333333333,13.54366725,0.16668779166666667,0.017089833333333335,290.27263308333335,0.4937522336238707,23.616
2018-05-02,7.537408958333348,0.0034372083333333333,82072.37081479166,-0.9111458333333333,-2.9309375,235.80362570833336,0.008661875000000001,2.1742858333333333,0.25111245833333334,0.0,316.94665141666667,0.4084440270294505,16.594
2018-05-03,9.891400833333346,0.003620125,82749.19398712499,0.4960565416666667,-2.0534224583333334,246.04054545833333,0.0,0.20114287499999997,0.24264916666666667,0.0,322.18756875,0.31821690474692604,21.464
2018-05-04,14.32733529166667,0.003961708333333334,83099.51972891667,0.08782745833333334,0.17375,257.3690419166667,0.0,0.0,0.292315125,0.0,322.23352779166663,0.41848028464950443,19.822
2018-05-05,15.706694000000008,0.004401041666666667,82889.02514641666,0.26330354166666664,1.679583375,277.92094575,0.0,0.0,0.30054966666666666,0.0,289.48057875,0.344366353400221,17.896
2018-05-06,16.490284291666672,0.0037115,82523.28978325,2.7188839166666665,2.75022325,276.33758358333336,0.0,0.0,0.341512625,0.0,310.89341325,0.3408468510583407,17.415
2018-05-07,15.22930458333334,0.0037187916666666667,82741.79714245834,1.0223958333333334,0.2574405,263.7117794583333,0.0,0.0,0.333893875,0.0,330.4343191666667,0.32933467472949457,17.075
2018-05-08,18.5956415,0.004029708333333334,82647.063209125,0.18589287499999999,0.21388391666666665,272.10529170833337,0.0,0.0,0.3348782083333333,0.0,320.042306875,0.3532900026960973,19.51
2018-05-09,16.810225166666665,0.004307125,82518.271437875,3.5178867916666667,2.09401775,268.77268720833337,0.0,0.0,0.371925625,0.0,323.68867616666665,0.39747680021829024,20.841
2018-05-10,14.161488333333343,0.0037324583333333337,82331.76536916666,2.808854125,-0.21101191666666666,251.00085725,0.0,0.0,0.344005375,0.0,330.61399183333333,0.40869379708784087,21.549
2018-05-11,11.043844250000014,0.004034083333333333,82071.27185645833,1.6321577916666667,-3.170862916666666,258.24871483333334,0.0,10.382571916666667,0.28907258333333335,0.0020053749999999998,284.15831104166665,0.4182532192915666,21.747
2018-05-12,7.215084166666682,0.004003666666666667,81946.08821629167,0.8094494166666667,-3.074821333333333,261.80119966666666,0.039425625,20.296810458333333,0.254011375,0.09202291666666666,275.871656,0.4170951908603266,21.662
2018-05-13,9.835102958333348,0.005407708333333334,82202.32895045834,1.9298064583333334,-1.8317857083333333,310.17305875,0.08134066666666667,18.286858041666665,0.22686783333333335,0.11522441666666666,230.65407654166665,0.4158917499692794,21.606
2018-05-14,11.28736333333334,0.0057439583333333336,82300.68171037499,-0.20172620833333332,-1.7794345833333332,287.33755383333335,0.12149095833333333,10.664857583333333,0.2658600416666667,0.13726545833333334,320.3614024583333,0.41566468002298845,21.606
2018-05-15,13.04407870833334,0.005216625,82308.17351433334,0.015119041666666685,-0.5095237499999999,282.771317875,0.17104191666666668,29.573906249999997,0.2662382916666666,0.023576791666666666,300.48954420833337,0.4022451604993778,20.275
2018-05-16,11.873466125000006,0.005813833333333333,82266.99404758333,0.800610125,-1.06677075,288.10677937500003,0.40737429166666667,84.20286116666666,0.23891804166666666,0.292761375,250.54650037500002,0.366323519370249,18.349
2018-05-17,9.593603958333352,0.005736333333333333,82301.88569566667,2.0786905,-1.1701785416666668,267.33710708333336,0.12557675,7.990857541666667,0.25921616666666664,0.03444495833333333,320.478991,0.321728008945066,15.631
2018-05-18,12.967646375000006,0.006461250000000001,82300.75713804166,0.08989587500000001,-2.401785625,305.50658549999997,0.075187,20.820667583333336,0.29956004166666667,0.013105958333333334,317.46342258333334,0.2502026161996351,11.242
2018-05-19,14.63654766666667,0.005895625000000001,82174.96541345834,0.43854166666666666,-1.1943304166666666,284.3805443333333,0.06776787499999999,72.36495575,0.30580891666666665,0.003870208333333333,328.64750425,0.19600226346366412,10.477
2018-05-20,14.055833250000004,0.005543666666666666,82031.54651454167,2.145878,-0.06660716666666666,276.1806334583334,0.04436516666666667,11.465810083333333,0.31681645833333333,0.0054285416666666675,328.072277625,0.20844541280724407,10.902
2018-05-21,13.582959500000001,0.0060842916666666675,81920.02636725,-1.3218005,-2.5844940416666664,323.68664425000003,0.11431920833333332,15.876857750000001,0.287638,0.125523875,271.08983374999997,0.21180597765760326,11.072
2018-05-22,13.87165054166667,0.00692475,81969.86025845834,-0.6733184166666667,-1.81546125,320.8703952083333,0.18517004166666665,18.132191333333335,0.28358216666666664,0.21092975,287.9286476666667,0.2160293815384752,11.242
2018-05-23,15.318961958333333,0.0068887083333333335,82081.08605375,1.1303572083333333,0.5244494166666667,315.06887725,0.17958016666666665,35.82523975,0.29185333333333335,0.062758875,299.69129449999997,0.21382684817825803,10.76
2018-05-24,15.520899750000003,0.007144958333333333,82371.65679633334,0.03023804166666667,0.10934525,296.52176354166664,0.09505733333333333,82.52571825,0.30587966666666666,0.11509766666666665,308.74449058333335,0.1903937703819674,9.543
2018-05-25,13.649181250000003,0.006603416666666667,82274.96408804167,2.5125594166666665,0.3359672083333334,311.401912625,0.44079074999999995,61.52852679166667,0.25690025,0.5080439583333333,252.06521087500002,0.18210590470009758,9.514
2018-05-26,9.349549125000015,0.005503,82309.81410445833,3.4446874583333336,-1.1454017916666668,278.29472604166665,0.022439458333333332,8.9936195,0.22132229166666664,0.011723791666666669,226.10865683333336,0.18337746581030653,9.514
2018-05-27,10.860474458333345,0.006356458333333333,82494.51543895833,-1.2148065833333332,-3.088407625,293.468103875,0.031172041666666667,7.41657175,0.23886804166666664,0.0157265,296.12095162500003,0.1825827439400535,9.458
2018-05-28,13.835506708333341,0.005883208333333333,82592.865873875,-1.4161607083333332,-2.1933780416666666,273.984011875,0.0,0.01742854166666667,0.295996,0.00028454166666666667,340.89630775,0.1809251769214836,9.345
2018-05-29,17.223588833333334,0.006326124999999999,82409.52532083333,-1.2664582500000001,-0.010267916666666654,286.8975682916667,0.0,17.388381625,0.33907375,0.0,342.55894775,0.17731483895383193,9.118
2018-05-30,18.290016958333332,0.006107499999999999,81991.490780875,3.4665772500000003,3.021473125,289.41960620833333,0.03444404166666667,78.015908625,0.38327925,0.003576791666666667,332.93548300000003,0.20245090922883335,12.063
2018-05-31,14.173138458333336,0.0038595,81749.419084875,4.664553458333334,3.672946375,253.362151875,0.0,0.248761875,0.39376733333333336,0.0,351.14012787499996,0.27234142894998975,15.065
2018-06-01,11.109774333333341,0.0038377916666666664,82508.78188941667,0.18953866666666666,-0.738616125,242.71008391666666,0.0,0.0,0.336316875,0.0,344.308984,0.3237942957491555,17.556
2018-06-02,15.678219291666672,0.004359,82941.39338033333,-3.217901708333333,-0.5596279583333333,262.002494625,0.0,0.0,0.35433525000000005,0.0,343.27359716666666,0.3491801292000178,18.038
2018-06-03,20.1475315,0.004493166666666667,82676.11974524999,-0.23102674999999998,0.7852380416666667,282.116854,0.0,0.208,0.3823714166666667,0.0,340.420807625,0.3437986945937293,17.726
2018-06-04,19.928255875,0.005243083333333333,82470.65125095834,3.634642833333333,2.798630875,280.74979979166665,0.0,0.35733333333333334,0.4191125416666667,0.0,343.735731,0.34282232059007106,18.576
2018-06-05,18.70436520833334,0.003998791666666667,82138.41122587501,2.5747617916666665,2.3957588333333333,269.5628658333333,0.0,0.0,0.4054424583333333,0.0,337.31291541666667,0.37422536384924765,19.312
2018-06-06,18.500684916666668,0.004191083333333333,82052.8352515,1.9152082916666666,0.4340029166666666,277.66142225,0.0,6.472000333333334,0.38231270833333336,0.0003565833333333333,329.13345358333333,0.3714097683994378,19.284
2018-06-07,16.824820125000002,0.0043451666666666664,82158.44952108334,3.5872320833333333,0.1312053333333333,271.48975591666664,0.004119625,17.149524583333335,0.389575,0.00017258333333333332,341.39470725,0.3689574649808302,19.057
2018-06-08,16.758041125000002,0.0041862083333333334,82488.899239625,2.3084374166666666,0.44373512500000006,265.48051454166665,0.0,0.0,0.38301783333333334,0.0,344.81852258333333,0.3594661629962663,18.406
2018-06-09,15.940079750000002,0.0049915,82249.10442245833,5.399553458333333,3.3789731666666665,271.91917525,0.0,0.05857145833333333,0.3995019583333333,0.0,339.71929558333335,0.3548794525544074,18.548
2018-06-10,10.861899541666682,0.004104625,82362.67530470833,3.2091665833333334,0.18874991666666666,250.34804475,0.0,0.006666666666666667,0.3434424166666667,0.0,344.2039267916667,0.3507241650690697,18.066
2018-06-11,15.226349500000003,0.0045545,82484.60239958334,0.053392833333333355,-0.9009374583333334,267.52496454166663,0.0,0.0,0.33561025,0.0,339.88936716666666,0.3477950354108399,18.038
2018-06-12,18.516872041666666,0.005235083333333334,82514.008335625,-2.4467409583333333,-0.8861904583333334,283.82308870833333,0.0,1.0647619166666666,0.3727928333333333,0.0,343.6048195,0.3628494325470781,19.595
2018-06-13,22.335074833333334,0.005342958333333334,82239.34619141667,1.9863242916666666,1.0568750833333334,295.72045429166667,0.0,2.5439048333333334,0.3936564166666667,0.0,345.1270663333333,0.3869864057645564,20.048
2018-06-14,20.928843833333335,0.005175416666666667,82091.24095516666,2.90007425,1.291383875,285.14683933333333,0.0,0.8395238750000001,0.4111064583333333,0.0,345.54082625,0.3828992430867335,19.765
2018-06-15,19.408745791666664,0.004434833333333333,81835.47564408333,4.200937375,2.1152082083333332,276.1981929583333,0.0,0.0,0.42200683333333333,0.0,346.57064204166664,0.39754491431964795,21.634
2018-06-16,16.920985500000004,0.004876958333333333,81640.33918104167,3.539612958333333,1.2140029166666666,274.9604405833333,0.0,0.0,0.3909305,0.0,345.3333130833333,0.430809903608292,22.342
2018-06-17,14.027791333333338,0.005229416666666667,81674.24089704167,4.44311,0.234672625,280.01174970833335,0.08444766666666666,44.800287833333336,0.32686425,0.018065166666666667,292.85466229166667,0.4279943035701291,22.937
2018-06-18,12.374517625000005,0.005578125,82458.709182,2.2301933750000003,-2.0985565,279.28835641666666,0.0,0.5311429166666667,0.3123208333333333,0.0,330.806937125,0.4669131915177474,24.267
2018-06-19,15.804478083333334,0.005638833333333333,82755.28094779166,-0.9275297916666667,-1.3311458333333335,281.38749387499996,0.0,0.006666666666666667,0.32333908333333333,0.0,334.31146258333337,0.45387967331414464,22.965
2018-06-20,19.642468875,0.005883625,82729.94344083333,-0.9142559166666667,0.46184520833333337,290.4474188333333,0.0,0.050666625,0.37494150000000004,0.0,343.3134628333333,0.4316500387030777,22.399
2018-06-21,20.083823541666668,0.00359175,82685.83677458334,2.4488095,0.8930654583333334,266.55798545833335,0.0,0.0,0.4102087083333333,0.0,351.13724279166667,0.4257236499907502,21.917
2018-06-22,20.62815970833333,0.004137833333333333,82768.62816220833,0.21958337500000003,-0.920699375,277.82823783333333,0.0,0.0,0.3878722083333333,0.0,348.9517369166667,0.4224312099479058,22.314
2018-06-23,20.604899416666665,0.004985208333333334,82502.75999820833,-0.006056458333333323,-2.345952291666667,287.211064875,0.0,0.0,0.39578762500000003,0.0,346.051641625,0.4448652036870071,23.645
2018-06-24,20.586766083333337,0.005322583333333333,82566.84073895833,-2.205431416666667,-1.3604464583333333,288.73252283333335,0.0,0.17390479166666664,0.39483141666666666,0.0,346.49318891666667,0.46575514932144824,24.183
2018-06-25,23.991274750000006,0.005279291666666667,82572.51393929166,2.2616666666666667,0.811264875,296.7428805833333,0.0,0.40171429166666667,0.402560625,0.0,346.2335640416666,0.4647106596869813,24.154
2018-06-26,23.12384870833333,0.0046190833333333335,82628.27330958332,2.9591666666666665,1.3995982500000002,285.9549045,0.0,0.006380916666666667,0.43763408333333337,0.0,347.7756179166667,0.46387053223945074,24.013
2018-06-27,23.213154875,0.0036795,82455.678710875,3.123616,1.8040327083333334,274.34887833333335,0.0,0.0,0.43201045833333335,0.0,347.07094491666663,0.4833299655071028,26.051
2018-06-28,19.63781275,0.00331075,82274.49121091666,4.376264708333333,1.3251934166666668,267.21301470833333,0.0,0.0,0.4373434166666667,0.0,348.08781437500005,0.5119855427123374,26.646
2018-06-29,17.83138037500001,0.005509875,82439.01033525,0.4740477083333334,-1.9363094583333333,285.1524191666667,0.0,0.0,0.3786928333333333,0.0,342.45993354166666,0.5133933304958107,26.703
2018-06-30,19.04267575,0.005797333333333334,82688.60002791666,-2.388080291666667,-2.3694940416666666,294.0456482083333,0.0,0.0,0.38292166666666666,0.0,341.7390459583333,0.5110318672913277,26.476
2018-07-01,20.693630958333337,0.005362625,82889.82009162499,-2.02677075,-1.2503869583333334,294.08945725,0.0,0.002857125,0.39805637499999996,0.0,345.6492189583333,0.5083979155629423,26.391
2018-07-02,22.599467208333333,0.00598475,82678.91262100001,1.3711160833333331,-1.683288625,309.66886254166667,0.0,12.659048166666667,0.4085033333333333,0.0,342.476784875,0.5080800237559391,26.363
2018-07-03,21.217752708333332,0.005817291666666666,82368.46644812501,2.2747320416666668,-0.656428625,299.18767120833337,0.0,13.23209575,0.41374920833333334,0.0,344.0987778333333,0.4957958264336649,25.145
2018-07-04,21.018478666666667,0.004755958333333333,82359.28421445833,1.8445238750000001,2.0967410833333333,285.4930890416667,0.0,0.17752374999999998,0.41271450000000004,0.0,347.27068975,0.4623945951772462,23.503
2018-07-05,20.59948091666667,0.0036725416666666664,82749.57521845833,1.7052976666666666,3.1884225833333333,272.76628875,0.0,0.0,0.4245480416666667,0.0,347.9714325416667,0.44027849477459924,22.823
2018-07-06,21.87659041666667,0.0031942916666666665,83109.27805295833,2.4141070416666666,3.3616963749999997,308.2874335833333,0.0,0.0,0.45917725,0.0,335.36684983333333,0.4381213830508954,22.795
2018-07-07,23.095727291666673,0.005691708333333333,82914.609921375,2.1239137083333333,2.612440416666667,317.8712577083333,0.0,0.41114287499999996,0.426488375,0.0,333.50915841666665,0.4389388165041306,22.795
2018-07-08,24.603554208333335,0.006023166666666666,82844.82928758334,3.0287797083333334,2.655684416666667,322.0046956666667,0.0,0.8220000416666666,0.44621941666666665,0.0,337.27345683333334,0.438144089280799,22.71
2018-07-09,24.144682458333335,0.0049067500000000005,82839.83971579166,3.2146428749999996,2.4591219166666667,309.3746522916667,0.0,0.0,0.45097733333333334,0.0,337.657598875,0.44543286555240086,23.729
2018-07-10,22.999674583333334,0.005101875,82856.93169866667,2.3416517916666666,0.72197925,306.555932375,0.0,0.0,0.43032258333333334,0.0,338.27131337500003,0.46759438147375704,24.324
2018-07-11,24.317828541666675,0.005769333333333334,82647.74582641666,0.46394341666666666,-0.3572172083333333,316.79152695833335,0.0,0.012380958333333332,0.41913700000000004,0.0,337.21871220833333,0.4647560767351416,23.814
2018-07-12,25.271456833333335,0.006682416666666666,82611.51875245833,-0.5473660833333334,-1.8330655,333.8056477083333,0.0,7.416190916666667,0.4318600833333333,0.003145208333333333,332.6661590833333,0.45580972732716574,24.069
2018-07-13,26.275134125000005,0.0070706250000000005,82757.50681258333,0.5656695833333333,-2.13284225,358.09188391666663,0.006743458333333333,18.127524625,0.45060775000000003,0.006459541666666666,325.9601651666666,0.47131824447312254,24.522
2018-07-14,25.562646833333332,0.007429791666666667,82836.93447729167,1.273244,-1.612886875,350.32487341666666,0.04960104166666667,38.635144625,0.42747704166666667,0.004809541666666667,318.59115833333334,0.47313477192497877,24.721
2018-07-15,25.83974308333333,0.008602750000000001,82707.108735625,-0.3748215,-1.6466070833333333,354.05076591666665,0.09416054166666667,162.02296008333334,0.41401591666666665,0.12090116666666667,320.6760274583333,0.4766315558013472,24.239
2018-07-16,24.251104958333343,0.007876083333333334,82840.314836875,2.4134523333333333,-0.7105505416666666,331.58320733333335,0.0,47.90181183333333,0.41608316666666667,0.0,329.981717875,0.45451545081034705,23.729
2018-07-17,24.859674000000002,0.007355958333333333,82864.32982229166,0.2972321666666667,-1.0361457916666665,326.45923408333334,0.0,14.915715041666667,0.4123126666666666,0.0,333.114331375,0.468320999184084,24.721
2018-07-18,25.683614333333338,0.006039541666666666,82935.43037333334,1.2145088333333334,-0.9684672916666667,314.6356322916667,0.0,0.27752383333333336,0.4177496666666667,0.0,332.21281358333334,0.4938884725327433,26.278
2018-07-19,25.76550575,0.0058505833333333335,82867.94742833333,0.21799112499999995,-1.1750892083333333,318.75109441666666,0.0,9.806381458333334,0.42213474999999995,0.0,331.38512275,0.5145513711626588,26.759
2018-07-20,26.114315375,0.006150416666666666,82712.13166166666,1.9990029583333333,-0.2146875,333.71935287499997,0.08055833333333333,22.143143958333336,0.4227749166666667,0.039832708333333335,314.40050912500004,0.5157321165299595,26.759
2018-07-21,24.666671375000004,0.007499041666666667,82697.85484095833,1.7575595000000002,-0.3930208333333334,345.64616812500003,0.19594141666666667,66.61619354166668,0.3959725416666667,0.0390715,306.315615,0.5081027376330979,26.08
2018-07-22,24.03776466666667,0.008894416666666667,82922.710519,0.16683024999999999,-1.8434374166666665,350.11271554166666,0.127614,378.9527802083333,0.388231875,0.012490458333333334,311.31457420833334,0.48226276505437915,24.636
2018-07-23,24.713247250000006,0.008732666666666666,83065.51107941667,-0.8053124583333333,-1.2890624583333332,347.01234354166667,0.18025670833333332,303.8822050833333,0.38456533333333337,0.11233570833333333,303.44267870833335,0.47345266067308,24.607
2018-07-24,25.285428416666665,0.008165166666666666,83062.84680754166,0.40970233333333334,-0.5410565416666666,343.58884679166664,0.111369875,131.04076799999999,0.38241525,0.05812975,304.8353505833333,0.46645906386077374,23.956
2018-07-25,25.08477841666667,0.007106791666666667,83114.91059816667,2.8298212916666667,-0.3334523333333333,326.31402591666665,0.060686500000000004,89.58733791666667,0.41893033333333335,0.049298208333333336,322.49446220833335,0.4544700352916378,23.56
2018-07-26,25.395027833333334,0.005618666666666667,83108.85997958334,0.25395833333333334,-1.5638542083333336,317.3311693333333,0.016258625000000002,27.693620375,0.41643458333333333,0.00019883333333333333,319.9901281666667,0.45224480487822327,23.503
2018-07-27,26.109525208333334,0.0058815000000000004,82781.08836729167,1.9460565,-0.397455375,323.9863473333333,0.008928583333333334,95.18590916666666,0.4199447916666667,0.00027262499999999997,325.617134875,0.450609944089557,23.361
2018-07-28,24.825059166666666,0.004583583333333333,82749.83778604167,2.12059525,-0.262663625,298.96381779166666,0.0,2.7002858333333335,0.41827466666666663,0.0,327.380527375,0.4490659082205051,23.361
2018-07-29,25.301233666666665,0.005097333333333333,82832.88559108334,1.136473125,-1.1299554166666665,311.80369891666663,0.0,0.42495241666666667,0.40776049999999997,0.0,321.15199416666667,0.4494065077868629,23.361
2018-07-30,26.080414625,0.005324041666666667,82840.43632583333,0.575669625,-1.4870535416666666,329.164739875,0.0,0.08180954166666667,0.40719175,1.2083333333333333e-06,299.5254164166667,0.4595789920801812,24.721
2018-07-31,26.482184125000007,0.005963583333333334,82819.97364433332,1.868631,-0.09349691666666667,355.20383175,0.06157958333333333,17.17161975,0.38146266666666667,0.017514875,269.90753033333334,0.49547793003830853,25.712
2018-08-01,25.693838916666667,0.006390875,82795.18244283333,2.56129475,0.8140476666666667,340.0815546666667,0.052887625,41.80571629166667,0.4139646666666667,0.04094283333333334,302.83250829166667,0.4992926194867395,26.278
2018-08-02,24.667728291666666,0.00494125,82596.85195779167,3.2190475,0.5105804166666666,321.7195760833333,0.0,3.5614287499999997,0.4225975416666667,0.0,303.66431274999997,0.5109864502431674,26.533
2018-08-03,22.712920125,0.003612,82591.675816125,3.5448957083333332,0.7596725833333333,284.78808891666665,0.0,0.0,0.4199486666666667,0.0,316.3367625416667,0.511122696799295,26.533
2018-08-04,22.094623583333334,0.0038945,82635.91501579167,4.5563093750000005,1.8207142916666665,294.34563325,0.0,0.0,0.421805625,0.0,296.74895695833334,0.5087839352363625,26.448
2018-08-05,17.536272041666667,0.003722666666666667,82577.64057858333,3.06327375,1.403794625,270.615306875,0.0,0.0,0.36168812499999997,0.0,316.7594887083333,0.5092834631175353,26.476
2018-08-06,20.718843166666666,0.0033482916666666665,82704.232561375,-0.560193375,-1.1938690416666666,277.8250532083333,0.0,0.0,0.37126975,0.0,312.2866936666667,0.5072171656072886,26.335
2018-08-07,23.417009250000003,0.0036084583333333333,82658.63442845833,-1.9710118333333335,-1.2989285833333333,291.932092125,0.0,0.0,0.38891845833333333,0.0,310.604817875,0.5076031837512577,26.335
2018-08-08,25.098589458333333,0.003658625,82511.04688670834,-0.4905505833333333,-0.5236160833333333,293.5243228333333,0.0,0.0,0.3916505416666667,0.0,312.86643704166664,0.501744916787543,25.967
2018-08-09,26.429252291666668,0.004689416666666667,82659.17644391667,0.7743453333333333,-0.31711312500000005,317.005483875,0.0,0.024571458333333334,0.406230625,0.0,304.53375245833337,0.4898921424217899,25.174
2018-08-10,25.976694374999997,0.00385625,82780.51679916667,2.4897916666666666,0.38644341666666665,307.82366895833337,0.0,0.06590475,0.41730483333333335,0.0,305.90518695833333,0.46734461753317064,23.729
2018-08-11,25.353351208333333,0.004398916666666666,82806.47278420834,1.7552083749999998,-1.0652083749999999,319.2099785,0.0,8.544571791666668,0.4076387083333333,0.0,299.80941329166666,0.45033746474236086,23.39
2018-08-12,25.01147233333334,0.005349166666666666,82745.12424433333,0.5774404583333334,-0.5483333333333333,322.8506026666667,0.0,38.078192333333334,0.3966472916666666,0.0,293.30825783333336,0.44976979981806514,23.39
2018-08-13,23.980624708333334,0.0053230000000000005,82614.31938233333,2.343541625,0.17824404166666666,318.380528625,0.0,8.669809875,0.3930288333333333,0.0,296.15218683333336,0.45042828813252417,23.361
2018-08-14,23.795912791666666,0.005338875,82472.23220095833,0.7681695833333334,-0.8746874583333333,321.7108410416667,0.06522070833333334,26.81142979166667,0.3881023333333333,0.009682708333333333,284.0462220416667,0.44820305924856063,23.276
2018-08-15,24.45106983333334,0.0057638333333333335,82452.57038224999,1.2495238333333332,-0.291517875,329.88685225,0.0345945,96.186861625,0.37944858333333337,0.0103,289.0102102916667,0.44745374142613414,23.22
2018-08-16,23.246469958333336,0.006513041666666667,82703.84527291667,2.7680802916666667,0.8439433749999999,324.476972,0.0074405,124.97438687500001,0.3862994583333333,2.9749999999999995e-05,290.873799625,0.44615946949766855,23.107
2018-08-17,22.675926875000002,0.0068390000000000005,82980.27601833333,2.36501475,0.7170982499999999,316.2201115,0.0,35.858382541666664,0.3707699166666667,0.0,292.89646650000003,0.44313951644927546,22.993
2018-08-18,22.37138475,0.004662,83045.523949,1.6165624583333333,0.3515774166666667,291.73020175,0.0,0.0,0.3688440416666667,0.0,297.4766040416667,0.4409369800301562,22.88
2018-08-19,23.841476333333333,0.0038926666666666662,82821.97105195833,1.5890177916666666,0.7878720416666667,298.2259609166667,0.0,0.0,0.3806160416666667,0.0,294.3380070416667,0.4259280167660396,21.492
2018-08-20,22.676423875000008,0.003678958333333333,82539.906064,3.2653125000000003,1.1532440833333333,291.73500879166664,0.0,0.0,0.38929108333333334,0.0,292.9098775,0.4022451497932207,20.898
2018-08-21,21.30252625,0.0038098750000000003,82514.11449033333,3.34997025,0.54703875,284.91307420833334,0.0,0.0,0.37474412500000004,0.0,293.0686092916667,0.4011779539288502,20.813
2018-08-22,20.452657625000008,0.003382833333333333,82736.59558691666,2.678735083333333,0.174672625,278.5121073333333,0.0,0.0,0.3660889583333333,0.0,292.21144820833337,0.39432059908431843,20.19
2018-08-23,20.907353125,0.0034061666666666667,82761.03111054166,2.338764875,0.8977976666666666,277.94340225,0.0,0.0,0.3588062083333334,0.0,292.33634033333334,0.38278571652556864,19.85
2018-08-24,20.04847954166667,0.003376,82565.70174158334,3.313973166666667,1.121503,269.7088629583333,0.0,0.0,0.3687651666666667,0.0,291.99830525,0.38955224339158395,20.586
2018-08-25,19.25695620833333,0.0028778750000000002,82454.36886158334,2.340134041666667,0.9365773333333333,263.80557433333337,0.0,0.0,0.35124354166666666,0.0,289.140758,0.4014277255166916,20.898
2018-08-26,18.861369416666665,0.0023146250000000003,82534.07561383334,3.433630791666667,0.4784523333333333,251.912225875,0.0,0.0,0.36455945833333336,0.0,291.90767458333335,0.40378918719172363,20.983
2018-08-27,18.003307083333336,0.0033935416666666667,82393.49754704167,3.5756398750000002,0.89747025,281.45600579166666,0.0,0.0,0.34335979166666664,0.0,256.85973275,0.4036983775666196,20.926
2018-08-28,17.799554166666667,0.0052513333333333335,82405.234456375,-1.897991125,-0.992142875,291.29846041666667,0.0,0.0,0.32286966666666667,0.0,278.0688705,0.40260845253058003,20.926
2018-08-29,19.676056166666676,0.004659583333333333,82492.433431,-1.0581399583333333,0.1500892083333333,293.1496814583333,0.0,1.1419047916666667,0.32902604166666666,0.0,273.69848962500004,0.40292635351428946,20.926
2018-08-30,19.277102958333337,0.0043683333333333334,82429.99941879166,2.296503,1.3861012083333335,281.911303625,0.0,2.7937144166666665,0.32450654166666665,0.0,269.8522684583333,0.4043114381267612,21.011
2018-08-31,17.180344458333337,0.0031199583333333335,82581.14672854166,2.3082887083333334,-1.266413625,256.324161125,0.0,0.0,0.3304843333333333,0.0,280.55753129166663,0.4038119056572354,20.983
2018-09-01,17.450949958333332,0.003947333333333333,82506.48159641666,-1.5094494166666665,-1.8386755,277.715291,0.0,0.0,0.31849525,0.0,274.78224454166667,0.40422061932495096,21.039
2018-09-02,19.604555416666667,0.003929875,82448.289783375,-1.9236309166666665,-1.13034225,280.8106186666667,0.0,0.0,0.3283730833333333,0.0,275.00663195833334,0.40160938300317545,20.7
2018-09-03,21.602215208333334,0.0037795,82546.04945591667,0.7206547083333333,-1.1869047083333333,301.429114875,0.0,1.2293334166666667,0.331426375,0.0,250.08420783333335,0.39584192719401573,20.558
2018-09-04,21.575356875,0.0036133333333333334,82538.28227308333,0.12078866666666666,-1.5884822083333334,293.6552609166667,0.0,1.1046666666666667,0.33790041666666665,0.0,267.31766170833333,0.39559216325342944,20.558
2018-09-05,21.567012750000004,0.004024708333333333,82601.80139741667,1.2611160833333332,-0.4561607083333334,297.45491945833334,0.0,2.8674286666666666,0.32773433333333335,0.0,264.36295945833336,0.38982471050317186,19.935
2018-09-06,21.14675425,0.004796041666666666,82843.17718804166,2.6165624583333336,1.7979165416666667,300.692448,0.0,4.706952583333333,0.335759875,0.0,258.31119716666666,0.37109187812188554,18.972
2018-09-07,21.359184208333343,0.004161875,82858.58763479166,1.6268749583333333,1.1314434583333333,289.06584108333334,0.0,0.0,0.322851875,0.0,258.601300875,0.3596251081350424,18.009
2018-09-08,20.936831791666673,0.00260125,82693.29081795833,3.3105058333333335,1.1652975833333332,271.895335875,0.0,0.0,0.34622041666666664,0.0,264.91855175,0.35501569146328,19.454
2018-09-09,19.85319854166667,0.002322166666666667,82499.93215229166,1.6270684583333335,0.6846428750000001,262.6901282083333,0.0,0.0,0.3175494583333333,0.0,253.12234466666666,0.37393019050775617,19.425
2018-09-10,20.037184125,0.002237583333333333,82428.95429920833,2.1825595416666665,0.151384,262.3604109166667,0.0,0.0,0.31272975,0.0,260.1580089583333,0.36947971438641675,19.765
2018-09-11,18.834136958333335,0.0024195416666666666,82297.42360720833,3.6986159583333333,0.6662797916666666,272.17514320833334,0.0,0.0,0.313030625,0.0,232.79971933333334,0.4038119010688823,20.983
2018-09-12,16.418823083333333,0.002681458333333333,82095.23438658334,5.326785541666667,3.794374833333333,258.92380391666666,0.0,0.0,0.34357904166666664,0.0,254.3928065,0.40560570852577577,21.039
2018-09-13,13.673499291666678,0.0019094583333333333,82073.778611,3.6036011250000004,3.3212945,253.21172083333332,0.0,0.0,0.31596729166666665,0.0,254.447925875,0.40644585585616966,21.238
2018-09-14,13.894054458333343,0.0023685,82260.83558879167,2.148615916666667,2.0877975416666668,257.53932395833334,0.0,0.0,0.28452629166666665,0.0,236.993737375,0.40458392665066345,20.53
2018-09-15,17.21027316666667,0.0034243750000000003,82071.76257908334,2.2359225416666666,2.2515624583333333,311.1717190416667,0.0,0.0,0.3017429166666667,0.0,230.32987704166666,0.3846703473726254,19.992
2018-09-16,14.164910875000004,0.002373125,82300.11490887501,2.18078875,1.6955357500000001,235.09898324999997,0.0,0.0,0.277624625,0.0,254.13455966666666,0.3843297462768165,19.935
2018-09-17,15.595564291666669,0.0024574166666666668,82423.61581566666,0.812827375,0.722797625,248.03176558333334,0.0,0.0,0.2648739583333333,0.0,249.56742879166666,0.3787439632486509,19.425
2018-09-18,15.770327500000006,0.0025412083333333333,82383.27157741667,2.0174107500000003,0.453764875,247.74743483333336,0.0,0.0,0.2654984166666667,0.0,246.9612127083333,0.3629175420600827,18.491
2018-09-19,14.882041041666676,0.0020822916666666668,82285.62925504167,2.9179017083333334,-0.28319941666666665,237.20936979166666,0.0,0.0,0.27186570833333334,0.0,247.86373179166665,0.35013380462102756,18.151
2018-09-20,14.412705541666673,0.0026060833333333335,82530.16630620834,-0.9884970416666666,-1.2592707916666666,247.07965233333334,0.0,0.0,0.263537375,0.0,243.14000545833335,0.348839535751464,18.094
2018-09-21,16.541158125000003,0.0030949583333333332,82622.575869625,-1.2045386666666666,0.6156248333333333,258.940380875,0.0,0.0,0.27006654166666666,0.0,240.42577312499998,0.35142805972553176,18.349
2018-09-22,18.119650208333333,0.0026861249999999997,82644.87815058333,2.9043749583333334,1.8366518333333335,259.5582239583334,0.0,0.0,0.2819105416666667,0.0,238.21238637500002,0.348839535751464,18.038
2018-09-23,16.41687991666667,0.002676,82469.06592966667,3.5440327083333334,2.0793898333333334,257.91584216666666,0.0,0.0,0.2936064583333333,0.0,234.09518933333334,0.34134639576347475,17.132
2018-09-24,15.11623083333334,0.0027086249999999997,82478.579403875,0.4706845,-0.6007887083333333,250.61439916666666,0.0,0.0,0.26377941666666666,0.0,234.3708087916667,0.30746834132633594,15.659
2018-09-25,13.980998791666673,0.0029479999999999997,82750.15840070833,-2.8417856666666665,-1.2646725833333334,250.426140125,0.0,0.0,0.2585109583333333,0.0,233.12096345833334,0.2971596035943604,15.433
2018-09-26,15.422321541666674,0.0026776666666666667,82962.50967270833,-1.1824405,-0.39401775,250.33530720833335,0.0,0.0,0.2531005416666667,0.0,230.91555245833334,0.29593345341450755,15.376
2018-09-27,18.276472166666668,0.0025388333333333335,82892.18589558333,-0.6892857083333334,-0.3401785416666667,258.22838716666666,0.0,0.0,0.258586375,0.0,230.1499932083333,0.29629675309296494,15.574
2018-09-28,19.897053250000003,0.0028197499999999998,82511.69798645833,0.48694941666666663,1.03752975,270.1609163333333,0.0,0.0,0.25633083333333334,0.0,222.29846237499999,0.314802533116647,16.594
2018-09-29,18.291996541666666,0.003094458333333333,81971.24965129167,2.23696425,3.4314879583333333,273.0465859166667,0.0,0.0,0.26273729166666665,0.0,209.4500815,0.3126908277349462,15.688
2018-09-30,13.523256166666677,0.0036067083333333333,82020.79277104167,3.087738,2.5788987083333335,253.46207795833334,0.0,0.0,0.26109200000000005,0.0,218.038814375,0.29116509695704756,15.178
2018-10-01,15.865713375000004,0.002929125,82000.22143558333,1.0816518333333334,1.4016665833333333,291.15357975,0.0,0.0,0.255758625,0.0,190.96611620833335,0.2923458308534656,15.178
2018-10-02,15.734645708333334,0.0047745,81914.947474875,1.1059822916666666,1.4210713333333331,299.4963475416667,0.0,0.11866662500000001,0.20525054166666667,0.007838125,167.69086533333333,0.28337677215668416,13.96
2018-10-03,14.328303333333333,0.005730208333333334,82214.238165,0.9141369166666666,-0.22203874999999998,301.83029116666665,0.17547283333333333,18.130667541666664,0.1688507916666667,0.24617566666666668,138.555935125,0.2529273936123602,13.366
2018-10-04,10.815891791666678,0.006481,82155.90540133334,2.90813975,1.5232142083333333,308.5532666666667,0.060689999999999994,1.7199049166666667,0.14279529166666666,0.086345,121.27273220833332,0.2523370247523374,12.658
2018-10-05,9.042121833333345,0.00548875,82527.41549245834,1.7074701666666667,-0.55116075,270.067493875,9.0625e-05,0.11266658333333333,0.15497745833333332,0.004925,180.79632983333332,0.23128812939076707,11.667
2018-10-06,10.240962416666681,0.005192083333333333,82186.34442433334,2.2617262083333336,-1.7412349999999999,299.49313333333333,0.054952625,14.851238666666667,0.18186158333333333,0.11282591666666668,160.43034670833333,0.1953210735076545,8.722
2018-10-07,7.210729375000018,0.004256291666666667,82292.01743866666,-2.401235041666667,-4.5074106249999994,245.9590125,0.0,0.41219045833333334,0.18392054166666663,0.024335708333333334,201.896783,0.14205169110987803,7.391
2018-10-08,7.288812958333348,0.003733125,82277.98850220833,-2.48721725,-2.3822618749999998,240.03859575,0.0,0.0,0.17254429166666665,5.833333333333333e-07,198.74341058333334,0.14200627559116882,7.334
2018-10-09,10.029313958333342,0.004571083333333333,82108.00341783333,1.0746279166666666,-1.4140625416666666,260.31628858333335,0.0,0.019238125,0.17045175,0.0,187.28783920833334,0.1400081070944273,7.306
2018-10-10,8.988390083333341,0.004278625,81997.71428575,-0.10715775,-1.18883925,253.90919083333333,0.0,1.308857125,0.17560341666666668,0.0033130833333333332,177.48523704166666,0.1401897619043718,7.277
2018-10-11,9.482500708333346,0.004547791666666666,82136.82417229167,-3.1200742083333335,-1.3136012499999998,307.9089660833333,0.0044482083333333335,6.114905083333333,0.18329629166666664,0.020157125,158.152677625,0.14595720318374672,7.844
2018-10-12,7.351143375000015,0.0038898749999999997,82581.22578349999,-4.216398666666667,-0.38915166666666673,236.66838741666666,0.0,0.17409525,0.16822183333333332,0.0,194.50371141666668,0.1547219058113959,8.099
2018-10-13,9.917855583333345,0.0031385000000000002,82385.15964475,-2.19778275,-0.8906695416666667,236.57809008333334,0.0,0.0,0.18405620833333333,0.0,192.90311283333335,0.15233772299431278,7.674
2018-10-14,6.697703666666687,0.0024323333333333332,82657.61545525001,-3.724092166666667,-2.26813975,210.94434054166666,0.0,0.0,0.17845216666666666,0.0,195.647831375,0.14132508372334543,7.334
2018-10-15,3.419237750000016,0.0018249583333333332,83218.73567704167,-4.937797375,-0.6045536666666667,196.09161766666668,0.0,0.0,0.17206858333333333,0.0,193.68498816666667,0.14159756115872776,7.362
2018-10-16,5.539629708333353,0.0015035833333333333,83160.04857233334,-3.110848125,-1.1033779583333334,213.09027812500003,0.0,0.0,0.17460925000000002,0.0,188.76060975,0.14223334247855773,7.419
2018-10-17,7.776813916666689,0.0023431666666666666,82996.52142637501,-2.2285268333333335,-0.07663691666666667,226.18386433333333,0.0,0.0,0.167472875,0.0,185.38344645833334,0.14343678375196764,7.476
2018-10-18,9.516448541666682,0.002859125,82832.69125504167,-1.071547625,-0.61171125,233.96300045833334,0.0,0.0,0.16431300000000001,0.0,182.329571125,0.16178361557797155,9.231
2018-10-19,10.63425650000001,0.0030438333333333337,83071.66916625,-3.5114880416666665,-0.11403283333333332,236.11981583333332,0.0,0.0,0.17571908333333333,0.0,181.73866366666667,0.1893038560520851,9.514
2018-10-20,10.819628166666675,0.0028467916666666663,82921.94921866666,-2.860743916666667,0.39252966666666667,233.49875975,0.0,0.0,0.17623904166666668,0.0,180.0811985833333,0.17222858915991765,8.948
2018-10-21,11.067168458333343,0.002778791666666667,82585.86466470834,0.036324375000000006,0.9701785833333333,239.26286666666667,0.0,0.0,0.1696735,0.0,175.58040141666666,0.16573454011164743,8.24
2018-10-22,11.28336212500001,0.0029936249999999998,82418.61759429167,1.1902976666666667,-0.15534229166666666,243.09789641666666,0.0,0.0,0.16589183333333332,0.0,173.95779270833336,0.15170194243920834,7.872
2018-10-23,10.582852791666678,0.003276458333333333,82346.99657041667,1.968244,1.59766375,242.694518375,0.0,0.0,0.15849829166666665,0.0,169.396755125,0.15808246186741168,8.495
2018-10-24,11.32270741666668,0.0026254583333333334,82489.59306404166,1.9373214166666666,1.4191071666666666,253.8586699583333,0.0,0.0,0.162978375,0.0,153.56068295833333,0.1654847738768845,8.41
2018-10-25,12.019249833333342,0.003494,82793.36880341667,0.5475595416666666,-0.21791666666666668,265.125038625,0.0,0.0,0.16085779166666667,0.0,163.00656895833333,0.1571287841522254,8.155
2018-10-26,12.652736583333349,0.004089583333333333,82895.06752233334,0.17102683333333335,0.27860120833333335,261.859830125,0.0,0.0,0.154280125,0.0,161.24886741666668,0.1564021756186045,8.099
2018-10-27,14.79537208333334,0.004795,82838.284714375,1.3820682083333333,1.4609374583333334,274.10841641666667,0.0,0.0,0.163296,0.0,158.90670104166665,0.1489090417484194,7.192
2018-10-28,13.379289250000005,0.0043015,82611.60407358334,3.190327208333333,2.7244195416666668,257.436378125,0.0,0.0,0.16896333333333333,0.0,161.656646,0.12513536438577086,6.485
2018-10-29,10.151118208333347,0.004391916666666666,82620.40209979167,3.2080802916666666,0.9369792083333334,251.19920583333337,0.0,0.0,0.15238604166666667,0.0,149.62311275,0.12499912547689834,6.485
2018-10-30,5.017007375000021,0.0030774583333333335,82771.59433129166,-2.7392261666666666,-2.235491,228.45131933333334,0.0,0.0,0.13563908333333333,0.0,157.32583483333335,0.1359890604297759,7.561
2018-10-31,4.349671250000013,0.00252975,82904.270938,-1.924747,-1.143764875,226.842852375,0.0,0.0,0.13437070833333334,0.0,151.74066791666667,0.1493404654696661,7.419
2018-11-01,8.753332666666685,0.004098625,83053.82482329167,-0.9017708333333333,-1.7121279999999999,260.80295558333336,0.0,0.0,0.13151279166666666,0.0,144.24789379166666,0.1348764444583431,6.994
2018-11-02,11.253183666666677,0.004075458333333333,82942.00668483334,2.11647325,-0.5440029166666667,250.17893804166667,0.0,0.0,0.14547816666666666,0.0,145.70760220833333,0.13419524876689215,6.966
2018-11-03,9.93258279166668,0.0034649166666666665,83101.66585295834,-0.46742558333333334,-3.0646279166666663,243.63789616666668,0.0,0.0,0.145588875,0.0,144.60358991666666,0.13948585692411525,7.589
2018-11-04,10.934329333333345,0.003579958333333333,82810.33663516666,1.7660267916666665,-0.051681458333333354,261.29210754166667,0.0,0.0,0.16600766666666666,0.0,141.717066625,0.1576964521354232,8.75
2018-11-05,9.920480125000017,0.0035218333333333334,82461.24219904166,2.066116125,-1.7575149166666666,250.220931375,0.0,0.0,0.1433825,0.0,136.98379241666666,0.181152241514696,9.911
2018-11-06,6.789670333333354,0.002106208333333333,82570.658877375,-0.3777679166666667,-1.7938689583333334,214.16666220833335,0.0,0.0,0.13139970833333334,0.0,142.99213808333334,0.20703761202343715,10.76
2018-11-07,6.920324166666685,0.0016657916666666668,82627.04627037501,1.7962946249999998,-0.8107885833333334,221.2773610416667,0.0,0.0,0.14515320833333334,0.0,140.97598916666666,0.20456260390437697,10.137
2018-11-08,1.4462012916666855,0.001975791666666667,82932.72941074999,-4.3529314999999995,-1.4054909999999998,194.19036770833335,0.0,0.0,0.11763924999999999,0.0,144.35858429166666,0.17935842029274338,9.316
2018-11-09,-0.12271445833331247,0.0014358749999999999,83165.41667833333,-2.8380952083333333,0.7043153750000001,178.40524895833335,0.0,0.0,0.10771716666666666,0.0,143.226506875,0.17157010008073306,8.495
2018-11-10,4.204879958333348,0.0012303333333333333,82616.59087845833,1.9928273333333333,-0.3037799583333333,203.27823924999998,0.0,0.0,0.1218245,0.0,138.13107220833334,0.15211065457747286,7.617
2018-11-11,0.7655609583333569,0.0017552083333333334,82881.324428,-3.3708480416666666,-1.233586375,186.97157345833332,0.0,0.0,0.10568045833333334,0.0,139.67511391666667,0.13592094326951618,6.683
2018-11-12,0.4495318750000263,0.0012935,83377.99069941667,-2.5603867499999997,0.07117558333333333,188.3744745,0.0,0.0,0.10486745833333333,0.0,136.83238729166666,0.12261495336597243,6.371
2018-11-13,3.1049826666666878,0.00124225,83555.17263066667,-1.3518750833333335,1.1738541249999999,207.67593275000002,0.0,0.0,0.11334145833333333,0.0,128.06964279166667,0.08172854297388911,2.09
2018-11-14,5.941754833333351,0.0014150833333333333,83397.68994141667,-0.191175625,0.39938995833333335,225.612584125,0.0,0.0,0.12121425000000001,0.0,131.92766708333332,0.004595562964130488,0.238
2018-11-15,5.708747833333354,0.0016824166666666665,83057.32803191667,-1.5095239166666667,0.09727687499999998,214.125456625,0.0,0.0,0.110357125,0.0,129.04969666666668,0.004564000866281196,0.238
2018-11-16,5.924149958333355,0.001727875,82733.400809125,0.5454760833333333,0.6689136666666666,215.46417658333334,0.0,0.0,0.10776908333333333,0.0,128.6605715,0.0045169985540833265,0.233
2018-11-17,5.978730833333354,0.0019555833333333335,82574.24469858334,0.755699375,0.14369045833333335,217.48679558333333,0.0,0.0,0.10364916666666667,0.0,126.96001799999999,0.00452312934656454,0.235
2018-11-18,3.5974934166666834,0.0022590416666666666,82712.23809525,-2.143363,0.42206841666666667,205.3641918333333,0.0,0.0,0.0950795,0.0,128.56284566666668,0.00452312934656454,0.24
2018-11-19,3.313193375000018,0.0021782916666666665,82697.48738600001,-1.283764875,1.3130506666666666,193.83794175,0.0,0.0,0.08898145833333333,0.0,128.05790483333334,0.004636207515704938,0.24
2018-11-20,3.6265414583333526,0.0017086666666666667,82460.12470929166,-0.2947619166666667,1.7363244583333335,202.67667679166667,0.0,0.0,0.10363529166666667,0.0,124.56332166666668,0.004617361154181539,0.242
2018-11-21,4.657925875000022,0.0019862916666666666,82094.29634025,0.8779315833333333,3.3917409999999997,227.86831320833335,0.0,0.028761833333333334,0.11123641666666667,9.641666666666667e-05,109.70849633333334,0.004655053877228338,0.239
2018-11-22,4.942910250000021,0.004181416666666667,81969.6782575,4.3978568749999996,3.8069195416666664,294.3903353333333,0.0406505,10.211429,0.075718875,0.6529707916666666,84.47878679166666,0.004865088654626998,0.257
2018-11-23,4.0345640833333585,0.004271083333333333,82120.95622916667,6.4721725,5.749464125,292.04302929166664,0.0023300833333333333,0.43192858333333334,0.06507408333333332,0.16914054166666667,60.53844916666667,0.004843517492462335,0.251
2018-11-24,6.429666375000018,0.005619125,82114.317592125,5.204627833333333,0.9389732083333334,290.726034625,0.0011650416666666667,0.9737857499999999,0.043848083333333336,0.09930029166666667,105.82021066666665,0.004956595661602733,0.259
2018-11-25,2.992674208333355,0.003361458333333333,82409.34020416667,-0.908110125,-0.30854166666666666,246.15091679166667,0.0,0.0,0.052438041666666664,0.0018460833333333333,108.20321379166667,0.004975442023126133,0.259
2018-11-26,2.514995208333358,0.003019916666666667,82798.82908991668,-0.4013542083333333,0.9955205416666667,230.1873907083333,0.0,0.0,0.044428375,0.0,106.39470712500001,0.004910728584427491,0.212
2018-11-27,7.070098291666689,0.0033626249999999997,82381.21881974999,3.1663241250000005,3.8134671250000003,288.885379875,1.3083333333333332e-05,0.027428583333333336,0.08257125,0.035594958333333336,85.07118237499999,0.002524732615104194,0.122
2018-11-28,5.836616791666695,0.005002375,81846.42682754167,4.2154165416666665,2.813437541666667,304.1049489166667,0.021418999999999997,5.12738125,0.04418670833333333,0.30343183333333335,70.10760145833333,0.002195942872112518,0.114
2018-11-29,3.5176642083333625,0.004318458333333333,80835.72357475,2.3720089583333333,3.1597767500000002,277.3825685,0.078324375,9.909929041666667,0.05502083333333333,0.4861835833333333,86.16537341666667,0.0022733719395975267,0.119
2018-11-30,2.29576729166669,0.0040307500000000005,81344.30766366667,4.780327291666667,0.10078866666666668,270.3264374166667,0.002711166666666667,2.741035833333333,0.05757279166666667,0.20115833333333333,104.20141545833333,0.0021666515251061312,0.11
2018-12-01,-1.8838578333333167,0.0028,81773.0659645,5.150610041666667,2.556071375,245.49109545833335,0.11021983333333334,8.9722385,0.04631883333333333,0.12348454166666667,67.294622375,0.002087633005516431,0.106
2018-12-02,-3.4854360833333167,0.002723125,81948.81201175,2.8783035,-0.9311457500000001,234.747405375,0.0193575,2.2080477083333334,0.04043575,0.0375625,96.88805224999999,0.0019704676174908844,0.103
2018-12-03,-4.711971041666648,0.002171583333333333,82531.57864825,-0.40431554166666667,1.0281696666666666,209.48816479166666,0.0,0.4979047916666666,0.04001845833333333,0.0032160833333333334,105.08086233333334,0.0019802313998263468,0.101
2018-12-04,-2.4934143749999818,0.0027239583333333334,82451.295061375,-1.81589275,1.2053571666666667,264.816154625,0.0,0.059142875000000004,0.042814374999999995,0.017984833333333335,79.87638458333333,0.001999758964497271,0.107
2018-12-05,-1.0831307499999725,0.00356975,82099.22228416667,-1.450505875,0.694836375,293.81535041666666,0.003684875,0.6707143750000001,0.029237875,0.20224545833333332,57.588160666666674,0.001999758964497271,0.102
2018-12-06,-2.8808686249999798,0.0031963333333333336,82036.11280458333,-1.977351125,0.45205349999999994,226.69027766666667,0.0,0.0,0.019362416666666667,0.005181249999999999,101.34578466666666,0.00195094005281996,0.101
2018-12-07,-1.8850954999999734,0.0032686666666666667,82327.03527254167,0.0879018333333333,1.045580375,208.14767408333333,0.0,0.0,0.010903041666666669,0.002751166666666667,106.96483233333333,0.00195094005281996,0.101
2018-12-08,-0.8979970833333129,0.0027732083333333337,82897.03702791667,1.5063690833333334,1.0327380416666667,198.621885,0.0,0.0,0.009585416666666667,0.0,108.29692766666666,0.00195094005281996,0.101
2018-12-09,-0.7490542083333054,0.0024262916666666664,83044.68064083334,0.422663625,2.4219494166666666,209.21754004166667,0.0,0.0,0.025095375,0.0,101.12273095833335,0.0019909034430678116,0.104
2018-12-10,0.07517291666668767,0.002079,82721.17397925,1.5295386666666666,1.8296279583333332,217.47874491666667,0.0,0.0,0.02944541666666667,0.0,101.54371941666666,0.0019243734885315816,0.099
2018-12-11,-2.0044554166666413,0.0027259999999999997,82742.25804500001,-1.2312648333333334,0.1584375,198.977361625,0.0,0.0,0.014058041666666667,0.0,108.02948716666667,0.00195094005281996,0.101
2018-12-12,0.5654100000000167,0.0031488333333333333,82768.51650849999,2.0250743333333334,-0.5339137083333333,218.81704887499998,0.0,0.0,0.03275491666666667,0.0,107.41842183333334,0.00195094005281996,0.101
2018-12-13,-0.7384734583333104,0.0022897916666666665,83033.08460045833,0.05156250000000001,1.3564286666666667,218.93637908333335,0.0,0.0,0.03370495833333333,0.0,97.07023070833333,0.00195094005281996,0.101
2018-12-14,1.6875695833333617,0.002510916666666667,82460.119873,1.4824255416666665,4.875386833333333,218.659950375,0.0,0.0,0.058185958333333336,0.0,103.49217158333333,0.0018978069242432036,0.099
2018-12-15,2.476932000000019,0.002792791666666667,82345.74260608334,2.7343302916666663,4.780743916666666,221.18706362499998,0.0,0.0,0.04364829166666667,0.0,96.98479937500001,0.0018535293170959064,0.094
2018-12-16,2.8482845000000245,0.0021207916666666667,82251.11772233334,1.3401785000000002,4.6122915833333336,221.46270362500002,0.0,0.0,0.059302875,0.0,99.63070416666666,0.001782685145660231,0.092
2018-12-17,3.1068040416666896,0.0035203333333333336,82255.58720475,3.302113041666667,3.561696416666667,265.3798307083334,0.0023915,0.05994041666666667,0.045440041666666674,0.02893575,80.49495608333334,0.0017738296242307714,0.094
2018-12-18,1.9552819583333567,0.002747666666666667,82725.54045754166,3.2071427499999996,2.8383035000000003,248.16767316666665,0.0,0.000952375,0.057166625,0.0,93.77967741666667,0.0017915406670896904,0.095
2018-12-19,3.468699375000028,0.0032618333333333336,83017.62397704167,2.0805952916666666,0.869003125,242.61707766666666,0.0,0.0,0.03813283333333333,0.0,92.00399833333334,0.0019139285209718488,0.1
2018-12-20,3.458004666666694,0.0022322916666666667,82659.96644808333,1.35491075,3.5897320833333333,213.26913233333335,0.0,0.0,0.05449308333333333,0.0,101.725386,0.0019311854841603199,0.099
2018-12-21,3.7974792916666904,0.0033595833333333338,82299.091401625,3.682693375,3.347559458333333,278.9221214166667,0.0,5.066547833333334,0.046936874999999996,0.09115775,61.79079458333333,0.0018501233312303732,0.094
2018-12-22,0.6047699583333507,0.003518875,82577.972226125,0.20764875000000002,0.10071429166666666,210.79563545833332,0.0,0.0,0.017790875,0.0,101.46987366666667,0.0017869993924317666,0.093
2018-12-23,1.6008570416666883,0.0028717083333333333,82658.987095375,2.8717857500000004,2.536964125,270.3084166666667,0.0,0.0010714166666666667,0.04352841666666666,0.001891625,58.45194920833333,0.0017954007565233433,0.093
2018-12-24,2.534220458333361,0.004561375,82397.53455170833,3.2220089166666668,2.9038987499999998,284.39299966666664,0.006564416666666666,2.02891675,0.012982666666666668,0.15431341666666668,62.790190625,0.0018124305842859014,0.106
2018-12-25,0.7224045000000247,0.004178708333333334,81566.07566033333,3.329270875,-1.51776775,280.135470125,0.07967641666666667,13.072714875,0.033393374999999996,0.5619226666666667,57.244556375,0.0020458531113798275,0.095
2018-12-26,-2.9011817916666445,0.0026514166666666665,82372.35109745833,-0.18403275,-1.8593899166666665,198.58419195833335,0.0,0.0007143333333333333,0.026358083333333334,0.0014774166666666668,105.62048716666668,0.0018017586067630353,0.094
2018-12-27,-4.265304083333308,0.0024954166666666666,82376.24274558334,0.5090772916666667,-2.7743749166666665,203.73496604166667,0.0,4.139047833333334,0.02543941666666667,9.541666666666667e-06,93.26808179166666,0.0018203778746814486,0.095
2018-12-28,-6.165660499999974,0.0019837083333333334,82646.93394245833,-3.70808025,-3.6421576666666664,206.32358183333335,0.0,1.3953810833333333,0.049494624999999993,0.0,106.64281458333333,0.0018187883867302487,0.095
2018-12-29,-5.596702666666644,0.001844875,83113.72960841666,-1.222485125,-0.30964283333333337,197.64117129166667,0.0,0.0,0.035017875,0.0,103.11700504166667,0.0018278709957902765,0.095
2018-12-30,0.9373608333333602,0.002944416666666667,82735.92380483334,2.84313975,-1.0183035416666668,221.92090275,0.0,0.0,0.03540795833333333,0.0,104.74416541666666,0.0018358183100834957,0.095
2018-12-31,-3.2715243749999714,0.0023771666666666668,82098.11507170834,-1.9940475833333335,-3.7042558333333333,211.80681029166666,0.0,1.4730179166666666,0.053348791666666666,0.0,105.55230870833333,0.0018444467319335505,0.096
